"Name","Season","CH","FC","FF","FS","SI","SL","ST","CU","FO"
"A.J. Minter",2024,0.09447,0.00352,0.90201,0,0,0,0,0,0
"A.J. Minter",2025,0.10072,0.00304,0.89624,0,0,0,0,0,0
"A.J. Puk",2024,0.11354,0,0.44945,0,0.09866,0.24214,0.09621,0,0
"A.J. Puk",2025,0,0,0.2586,0,0.29978,0.30234,0.13927,0,0
"AJ Smith-Shawver",2025,0,0,0.64555,0,0,0.35445,0,0,0
"Aaron Ashby",2024,0.15575,0,0.21865,0,0.33857,0.28703,0,0,0
"Aaron Brooks",2024,0.17927,0,0.24842,0,0.26678,0.30552,0,0.00001,0
"Aaron Bummer",2024,0.12729,0.00411,0.33587,0,0.22345,0,0.2422,0.06708,0
"Aaron Bummer",2025,0,0,0.45435,0,0.01449,0,0.25975,0.27141,0
"Aaron Civale",2024,0,0.03806,0.35868,0.00051,0.20373,0.13771,0.00756,0.25374,0
"Aaron Civale",2025,0,0.02423,0.39934,0.00082,0.23656,0.19317,0.01957,0.12631,0
"Aaron Nola",2024,0.18204,0.00217,0.42341,0,0.38883,0,0,0.00354,0
"Aaron Nola",2025,0.20111,0.00233,0.41217,0,0.38141,0,0,0.00298,0
"Abner Uribe",2024,0,0,0.26506,0,0.22715,0.50779,0,0,0
"Abner Uribe",2025,0,0,0.24989,0,0.25034,0.49977,0,0,0
"Adam Cimber",2024,0,0,0.26593,0,0.24098,0.49309,0,0,0
"Adam Mazur",2024,0.14415,0,0.3273,0,0.22584,0.27227,0.02887,0.00158,0
"Adam Oller",2024,0.18021,0,0.48193,0,0,0.33786,0,0,0
"Adam Ottavino",2024,0.16926,0.01468,0.28962,0,0.26918,0.25532,0.00194,0,0
"Adbert Alzolay",2024,0.18153,0.0369,0.36662,0,0.21194,0.20301,0,0,0
"Adrian Houser",2024,0.18259,0,0.28508,0,0.24423,0.2881,0,0.00001,0
"Adrian Houser",2025,0.17035,0,0.34168,0,0.29083,0.19714,0,0,0
"Adrian Morejon",2024,0,0,0.20947,0,0.43025,0.24267,0.11761,0,0
"Adrian Morejon",2025,0,0.19052,0.25726,0,0.24247,0.30975,0,0,0
"Albert Suárez",2024,0.40446,0.00043,0.59512,0,0,0,0,0,0
"Alec Marsh",2024,0.19051,0,0.27102,0,0.16205,0.33795,0.03729,0.00119,0
"Alek Jacob",2024,0.26048,0,0.33184,0,0.17758,0,0.2301,0,0
"Alek Jacob",2025,0.18573,0,0.36863,0,0.2103,0,0.23534,0,0
"Alek Manoah",2024,0.12288,0,0.34083,0,0.28378,0.25251,0,0,0
"Alex Cobb",2024,0,0,0,0.12099,0.63683,0,0,0.24218,0
"Alex Faedo",2024,0.12961,0,0.30316,0,0.30637,0.26087,0,0,0
"Alex Lange",2024,0.37597,0,0.19133,0,0.43231,0,0,0.00039,0
"Alex Vesia",2024,0.15623,0,0.45839,0,0,0.38537,0,0,0
"Alex Vesia",2025,0.14941,0,0.43078,0,0,0.41981,0,0,0
"Alex Wood",2024,0.17137,0,0,0,0.48221,0.34642,0,0,0
"Alex Young",2024,0.2429,0,0.28073,0,0.21573,0.26065,0,0,0
"Alexis Díaz",2024,0,0,0.56974,0,0,0.43026,0,0,0
"Alexis Díaz",2025,0,0,0.58652,0,0,0.41348,0,0,0
"Allan Winans",2024,0.19842,0,0.26473,0,0.29338,0.24347,0,0,0
"Amir Garrett",2024,0,0,0.26865,0,0.24302,0.48833,0,0,0
"Andre Pallante",2024,0,0,0.30414,0,0.27466,0.29199,0,0.12921,0
"Andre Pallante",2025,0,0,0.28264,0,0.27056,0.28902,0,0.15778,0
"Andrew Abbott",2024,0.17288,0,0.38799,0,0,0.43315,0.00531,0.00067,0
"Andrew Abbott",2025,0.43447,0.00054,0.5566,0,0,0,0.00829,0.0001,0
"Andrew Chafin",2024,0,0,0.27823,0,0.29488,0.4269,0,0,0
"Andrew Chafin",2025,0.10271,0,0.21698,0,0.33036,0.34996,0,0,0
"Andrew Heaney",2024,0.16542,0.00647,0.30273,0,0.25316,0.26368,0,0.00853,0
"Andrew Heaney",2025,0.17369,0,0.31946,0,0.20173,0.30512,0,0,0
"Andrew Kittredge",2024,0,0.20806,0.36173,0,0.19215,0.23806,0,0,0
"Andrew Nardi",2024,0.17096,0,0.3965,0,0,0.43254,0,0,0
"Andrew Walters",2024,0,0,0.60352,0,0,0.39648,0,0,0
"Andrés Muñoz",2024,0,0,0.27979,0,0.23095,0.48926,0,0,0
"Andrés Muñoz",2025,0.12495,0,0.31426,0,0.3041,0.25669,0,0,0
"Angel Chivilli",2024,0.18076,0,0.36604,0,0,0.45321,0,0,0
"Angel Chivilli",2025,0.18377,0,0.38196,0,0,0.43427,0,0,0
"Angel Zerpa",2024,0.13708,0,0.27486,0,0.30187,0.28618,0,0.00001,0
"Angel Zerpa",2025,0.11801,0,0.34212,0,0.28531,0.25454,0,0.00001,0
"Anthony Banda",2024,0.10684,0,0.29033,0,0.32708,0.27576,0,0,0
"Anthony Banda",2025,0.13601,0,0.30462,0,0.29641,0.26296,0,0,0
"Anthony Bender",2024,0.10974,0,0.31999,0,0.20109,0.20851,0.16068,0,0
"Anthony Bender",2025,0.1067,0,0.31564,0,0.22242,0.22641,0.12884,0,0
"Anthony Maldonado",2024,0,0.23097,0.34716,0,0,0.42187,0,0,0
"Anthony Molina",2024,0.24892,0,0.51623,0,0,0.23485,0,0,0
"Anthony Veneziano",2024,0.11041,0,0.3232,0,0.21157,0.21949,0.13534,0,0
"Anthony Veneziano",2025,0.10551,0,0.27702,0,0.20381,0.25607,0.1576,0,0
"Antonio Senzatela",2024,0.18795,0,0.27769,0,0.25945,0.2749,0,0,0
"Antonio Senzatela",2025,0.15182,0,0.34326,0,0.30216,0.20276,0,0,0
"Aroldis Chapman",2024,0,0,0.39825,0,0.34582,0.25593,0,0,0
"Aroldis Chapman",2025,0,0,0.3753,0,0.40895,0.21575,0,0,0
"Austin Adams",2024,0,0,0.273,0,0.24598,0.48102,0,0,0
"Austin Davis",2024,0,0.31605,0,0,0.28345,0,0.4005,0,0
"Austin Gomber",2024,0.29229,0,0.43201,0,0,0.2757,0,0,0
"Austin Kitchen",2024,0.13595,0,0.28049,0,0.15456,0,0.2155,0.2135,0
"Austin Voth",2024,0,0.13617,0.44753,0,0,0,0.3102,0.1061,0
"Austin Warren",2024,0,0.18328,0.29031,0,0.28321,0.2432,0,0,0
"Bailey Falter",2024,0,0,0.56175,0.00001,0.15522,0.28279,0,0.00023,0
"Bailey Falter",2025,0,0,0.47565,0,0.13713,0.38711,0,0.00011,0
"Bailey Horn",2024,0,0.25441,0.29885,0,0,0,0.25212,0.19462,0
"Bailey Ober",2024,0.29204,0,0.42286,0,0,0.27911,0.00598,0.00002,0
"Bailey Ober",2025,0.16504,0,0.36397,0,0.20269,0.18073,0.08756,0.00002,0
"Beau Brieske",2024,0.12758,0,0.29438,0,0.31137,0.26667,0,0,0
"Beau Brieske",2025,0.1254,0,0.27699,0,0.31059,0.28703,0,0,0
"Ben Brown",2024,0.12829,0,0.87166,0,0,0,0,0.00005,0
"Ben Brown",2025,0.2207,0,0.7793,0,0,0,0,0,0
"Ben Casparius",2024,0,0.24317,0.31204,0,0,0.37028,0,0.07451,0
"Ben Casparius",2025,0,0.14614,0.43189,0,0,0.36867,0,0.0533,0
"Ben Heller",2024,0.23385,0.01608,0.3353,0,0.21366,0.20019,0.00092,0,0
"Ben Joyce",2024,0.11206,0,0.39899,0,0.29068,0.19827,0,0,0
"Ben Lively",2024,0.22949,0.06917,0.23867,0,0.18979,0.16306,0.00393,0.10588,0
"Ben Lively",2025,0.23263,0.05065,0.17604,0,0.15096,0.19021,0.00529,0.19423,0
"Bennett Sousa",2025,0,0,0.25524,0,0.29488,0.44988,0,0,0
"Blake Snell",2024,0.23427,0,0.47933,0,0,0.2864,0,0,0
"Blake Snell",2025,0.27279,0,0.46318,0,0,0.26404,0,0,0
"Blake Treinen",2024,0,0.18907,0.2406,0,0.23127,0,0.33906,0,0
"Blake Treinen",2025,0,0.18058,0.25991,0,0.22605,0,0.33346,0,0
"Blake Walston",2024,0.21308,0.00601,0.45356,0,0.14506,0,0.16011,0.02217,0
"Bobby Miller",2024,0.21983,0,0.30883,0,0.23812,0.23322,0,0,0
"Bobby Miller",2025,0.16815,0,0.28802,0,0.26508,0.27875,0,0,0
"Bowden Francis",2024,0,0,0.55714,0,0.15544,0.28741,0,0.00001,0
"Bowden Francis",2025,0,0,0.53531,0,0.17102,0.29365,0,0.00002,0
"Brad Keller",2024,0.15044,0,0.36527,0,0.19778,0.25024,0.035,0.00127,0
"Brad Keller",2025,0.12344,0,0.31391,0,0.18522,0.20029,0.17715,0,0
"Brad Lord",2025,0.16572,0,0.29287,0,0.29154,0.24987,0,0,0
"Bradley Blalock",2024,0,0.00399,0.77447,0,0,0.22152,0,0.00001,0
"Bradley Blalock",2025,0,0.00449,0.79802,0,0,0.19747,0,0.00001,0
"Brady Basso",2024,0.24264,0.00216,0.41938,0,0.33206,0,0,0.00376,0
"Brady Singer",2024,0.23604,0,0.3148,0,0.24599,0.19788,0.00529,0,0
"Brady Singer",2025,0,0.15395,0.29009,0,0.28468,0.26069,0.01059,0,0
"Brandon Bielak",2024,0.16063,0,0.30627,0,0.21714,0.28206,0.03279,0.00112,0
"Brandon Eisert",2024,0.18179,0,0.45341,0,0,0.36481,0,0,0
"Brandon Eisert",2025,0.17963,0,0.40596,0,0.24549,0.16892,0,0,0
"Brandon Hughes",2024,0,0,0.25187,0,0.29515,0.45298,0,0,0
"Brandon Leibrandt",2024,0.12875,0,0.32515,0,0.24486,0.19682,0.1044,0,0
"Brandon Pfaadt",2024,0.02117,0,0.41863,0,0.0265,0,0.08161,0.45209,0
"Brandon Pfaadt",2025,0.15127,0,0.34386,0,0.19202,0,0.14686,0.16598,0
"Brandon Williamson",2024,0.48555,0.00027,0.50908,0,0,0,0.00508,0.00003,0
"Brandon Young",2025,0.45762,0.00028,0.5421,0,0,0,0,0,0
"Brant Hurter",2024,0.16603,0,0.12441,0,0.385,0,0.32456,0,0
"Brant Hurter",2025,0.18476,0,0.18161,0,0.36683,0,0.2668,0,0
"Braxton Garrett",2024,0.19886,0.02173,0.29453,0,0.23307,0.22794,0,0.02387,0
"Brayan Bello",2024,0.1069,0,0.26751,0,0.19817,0.28511,0.14231,0,0
"Brayan Bello",2025,0.18667,0.01896,0.24951,0,0.25407,0.28465,0.00614,0,0
"Brenan Hanifee",2024,0.11807,0,0.30644,0,0.29902,0.27647,0,0,0
"Brenan Hanifee",2025,0.12204,0,0.22678,0,0.34124,0.30993,0,0,0
"Brendon Little",2024,0,0.03411,0,0,0.57549,0,0,0.3904,0
"Brendon Little",2025,0,0.03,0,0,0.57906,0,0,0.39094,0
"Brennan Bernardino",2024,0,0.21854,0,0,0.32282,0.19407,0,0.26456,0
"Brennan Bernardino",2025,0.08831,0.40775,0,0,0.24339,0.19334,0,0.06721,0
"Brent Honeywell",2024,0.18218,0,0.41761,0,0.18322,0.14936,0.06763,0,0
"Brent Suter",2024,0.17728,0,0.47114,0,0.22836,0.12323,0,0,0
"Brent Suter",2025,0.19763,0,0.50551,0,0.20189,0.09497,0,0,0
"Brett de Geus",2024,0,0.16024,0.21869,0,0.61945,0,0,0.00161,0
"Brock Burke",2024,0.1531,0,0.30192,0,0.3011,0.24388,0,0,0
"Brock Burke",2025,0.16847,0,0.30312,0,0.29502,0.23339,0,0,0
"Brock Stewart",2024,0.17941,0.00068,0.30858,0,0.23043,0,0.28089,0,0
"Brock Stewart",2025,0.20092,0.00406,0.3019,0,0.29043,0,0.20269,0,0
"Brooks Raley",2024,0.23539,0.35117,0,0,0.07396,0,0.33948,0,0
"Brusdar Graterol",2024,0,0.27503,0.25642,0,0.28816,0.1804,0,0,0
"Bryan Abreu",2024,0.12731,0,0.29767,0,0.30042,0.2746,0,0,0
"Bryan Abreu",2025,0.11655,0,0.33059,0,0.2877,0.26516,0,0,0
"Bryan Baker",2024,0.3756,0,0.37924,0,0,0.24516,0,0,0
"Bryan Baker",2025,0.2615,0,0.42376,0,0,0.31474,0,0,0
"Bryan Hoeing",2024,0,0,0.46245,0,0.29813,0.23942,0,0,0
"Bryan Hudson",2024,0,0.30507,0.4217,0,0,0,0.27323,0,0
"Bryan Hudson",2025,0.1879,0.00242,0.3168,0,0.24488,0,0.248,0,0
"Bryan King",2024,0,0,0.45275,0,0.05875,0,0.41585,0.07264,0
"Bryan King",2025,0.15554,0,0.29163,0,0.28154,0,0.2713,0,0
"Bryan Sammons",2024,0.37779,0.00066,0.61597,0,0,0,0.00546,0.00011,0
"Bryan Woo",2024,0.10172,0,0.30398,0,0.19219,0.23246,0.16965,0,0
"Bryan Woo",2025,0.10126,0,0.27633,0,0.19926,0.26731,0.15584,0,0
"Bryce Elder",2024,0.13023,0,0.20609,0,0.33752,0.32616,0,0,0
"Bryce Elder",2025,0.1393,0,0.2161,0,0.32633,0.31826,0,0,0
"Bryce Jarvis",2024,0.13686,0.11863,0.29279,0,0.1498,0.21609,0,0.08583,0
"Bryce Jarvis",2025,0.15553,0.02589,0.34865,0,0.26002,0.20991,0,0,0
"Bryce Miller",2024,0,0.0275,0.46049,0.00028,0.12636,0.32741,0.04263,0.01532,0
"Bryce Miller",2025,0,0.02501,0.52839,0.00066,0.11841,0.25978,0.04129,0.02646,0
"Bryse Wilson",2024,0.20216,0.00147,0.37851,0,0.41706,0,0,0.0008,0
"Bryse Wilson",2025,0.2067,0.00166,0.41836,0,0.37132,0,0,0.00196,0
"Buck Farmer",2024,0.13036,0,0.22532,0,0.33689,0.30743,0,0,0
"Burch Smith",2024,0.14874,0.00307,0.33418,0,0.20388,0,0.29039,0.01974,0
"Cade Gibson",2025,0.18109,0,0.31409,0,0.19226,0.27646,0.03576,0.00034,0
"Cade Horton",2025,0.10584,0,0.41321,0,0.22723,0,0.15728,0.09644,0
"Cade Povich",2024,0.1768,0.00715,0.37192,0,0.18848,0,0.17004,0.08561,0
"Cade Povich",2025,0.12981,0,0.36451,0,0.20131,0,0.22861,0.07575,0
"Cade Smith",2024,0,0,0.89835,0,0,0,0.10165,0,0
"Cade Smith",2025,0,0,0.82041,0,0,0,0.17959,0,0
"Caden Dana",2024,0.08008,0.25593,0.5383,0,0,0.12568,0,0.00001,0
"Caden Dana",2025,0.22065,0,0.40982,0,0,0.36953,0,0,0
"Cal Quantrill",2024,0.09609,0.00401,0.38754,0,0.36224,0.15012,0,0,0
"Cal Quantrill",2025,0.10387,0.0039,0.32986,0,0.37073,0.19164,0,0.00001,0
"Caleb Boushley",2025,0.14397,0.04375,0.2607,0,0.20798,0.25907,0,0.08454,0
"Caleb Ferguson",2024,0,0.22067,0.27863,0,0.19358,0,0.18767,0.11945,0
"Caleb Ferguson",2025,0,0.08412,0.43353,0,0.42657,0,0,0.05578,0
"Caleb Kilian",2024,0.16853,0.01534,0.25666,0,0.17697,0,0.10315,0.27935,0
"Caleb Thielbar",2024,0,0,0.57914,0,0,0.21028,0.18814,0.02243,0
"Caleb Thielbar",2025,0,0,0.58101,0,0,0.22099,0.17044,0.02756,0
"Calvin Faucher",2024,0,0.41216,0.19279,0,0,0,0.12954,0.26551,0
"Calvin Faucher",2025,0,0.3132,0.20264,0,0.10471,0,0.18732,0.19213,0
"Cam Booser",2024,0,0.29581,0.43582,0,0,0,0.26837,0,0
"Cam Booser",2025,0.44022,0.01625,0.54341,0,0,0,0.00012,0,0
"Camilo Doval",2024,0,0.62591,0,0,0.24894,0.12515,0,0,0
"Camilo Doval",2025,0,0.60895,0,0,0.26709,0.12395,0,0,0
"Carlos Carrasco",2024,0.16561,0,0.23809,0,0.17659,0.3846,0.0341,0.00102,0
"Carlos Carrasco",2025,0.19005,0,0.30245,0,0.18517,0.26677,0.05487,0.0007,0
"Carlos Estévez",2024,0.15936,0,0.49733,0,0,0.34331,0,0,0
"Carlos Estévez",2025,0.18198,0,0.38107,0,0,0.43695,0,0,0
"Carlos Hernández",2024,0,0,0.51557,0,0,0.27243,0.21177,0.00023,0
"Carlos Hernández",2025,0,0,0.67165,0.00012,0.03209,0.17506,0.10362,0.01747,0
"Carlos Rodriguez",2024,0.16378,0.02585,0.3652,0,0.22229,0.20121,0,0.02165,0
"Carlos Rodón",2024,0.24885,0.01711,0.4448,0,0,0.28648,0,0.00277,0
"Carlos Rodón",2025,0.15427,0,0.34459,0,0.25744,0.2437,0,0,0
"Carlos Vargas",2025,0.15853,0.01659,0.32004,0,0.24341,0.26143,0,0,0
"Carmen Mlodzinski",2024,0.20829,0.05574,0.52821,0,0,0.20776,0,0,0
"Carmen Mlodzinski",2025,0.19596,0.01968,0.30206,0,0.27716,0.20306,0.00208,0,0
"Carson Fulmer",2024,0.17428,0,0.29561,0,0.16643,0.31234,0.05045,0.0009,0
"Carson Palmquist",2025,0.21,0.01308,0.27717,0,0.32505,0,0.1747,0,0
"Carson Spiers",2024,0.20801,0.02843,0.28984,0,0.25989,0.21097,0.00287,0,0
"Carson Spiers",2025,0.2234,0.01449,0.3566,0,0.26952,0,0.13599,0,0
"Casey Lawrence",2025,0.19948,0.02472,0.39107,0,0.24282,0.12373,0.00273,0.01545,0
"Casey Legumina",2024,0.14855,0,0.55931,0,0,0.28532,0.00683,0,0
"Casey Legumina",2025,0.10855,0,0.35245,0,0.17577,0.17961,0.18362,0,0
"Casey Mize",2024,0,0,0.46451,0,0.17931,0.35616,0,0.00002,0
"Casey Mize",2025,0,0,0.47803,0.00025,0.04928,0.40588,0.05372,0.01284,0
"Chad Green",2024,0,0.15071,0.15604,0,0.21939,0.47385,0,0,0
"Chad Green",2025,0,0,0.26573,0,0.27321,0.46106,0,0,0
"Chad Kuhl",2024,0.18738,0.02025,0.28868,0,0.26246,0.23857,0.00266,0,0
"Chad Patrick",2025,0.17798,0.0391,0.41096,0,0.19627,0.17568,0,0,0
"Charlie Morton",2024,0.19357,0.00144,0.49559,0,0.30823,0,0,0.00117,0
"Charlie Morton",2025,0.17874,0.00146,0.48771,0,0.33097,0,0,0.00112,0
"Chase Anderson",2024,0.22677,0.00652,0.41268,0,0.15512,0,0.14977,0.04914,0
"Chase Dollander",2025,0.08331,0.32075,0.47057,0,0,0.12537,0,0,0
"Chase Lee",2025,0.13577,0,0.17686,0,0.37602,0,0.31134,0,0
"Chase Petty",2025,0.12168,0,0.32009,0,0.19637,0.19827,0.16359,0,0
"Chase Shugart",2024,0.20154,0.01198,0.29128,0,0.2748,0,0.22039,0,0
"Chase Shugart",2025,0.20121,0.01447,0.26254,0,0.24963,0,0.27215,0,0
"Chase Silseth",2024,0,0,0.36847,0,0.08179,0,0.26481,0.28493,0
"Chayce McDermott",2025,0.2755,0,0.40777,0,0,0.30368,0.01299,0.00006,0
"Chris Bassitt",2024,0.08416,0.0053,0.30366,0.00003,0.39742,0.20529,0.00355,0.0006,0
"Chris Bassitt",2025,0.07049,0.00412,0.2654,0.00001,0.49714,0.16135,0.00119,0.00029,0
"Chris Devenski",2024,0.5194,0.00601,0.47431,0,0,0,0.00028,0,0
"Chris Flexen",2024,0.24958,0.07523,0.39002,0,0,0.25193,0,0.03323,0
"Chris Flexen",2025,0.08407,0.24625,0.51149,0,0,0.15819,0,0.00001,0
"Chris Martin",2024,0,0.31246,0.01487,0.00034,0.38297,0,0.28937,0,0
"Chris Martin",2025,0,0.35388,0.02674,0.00004,0.33234,0,0.28699,0,0
"Chris Paddack",2024,0.31048,0,0.38567,0,0,0.30386,0,0,0
"Chris Paddack",2025,0.20165,0,0.3618,0,0.24839,0.18816,0,0,0
"Chris Roycroft",2024,0,0.14425,0.26787,0,0.30976,0,0.27811,0,0
"Chris Roycroft",2025,0,0.15223,0.31269,0,0.30274,0,0.23235,0,0
"Chris Sale",2024,0.12275,0,0.29065,0,0.31674,0.26985,0,0,0
"Chris Sale",2025,0.1238,0,0.27649,0,0.3067,0.29301,0,0,0
"Chris Stratton",2024,0.18199,0,0.25335,0,0.15337,0.36981,0.04048,0.00101,0
"Chris Stratton",2025,0.20026,0,0.26795,0,0.15648,0.32528,0.0493,0.00073,0
"Christian Scott",2024,0,0,0.62303,0,0,0.36416,0.01281,0,0
"Cionel Pérez",2024,0,0,0.25458,0,0.35022,0,0,0.3952,0
"Cionel Pérez",2025,0,0.0502,0.08615,0,0.18664,0.305,0,0.37201,0
"Clarke Schmidt",2024,0.1381,0.00434,0.26581,0,0.23143,0,0.29998,0.06034,0
"Clarke Schmidt",2025,0,0.36783,0.1791,0,0.15824,0,0.16637,0.12846,0
"Clay Holmes",2024,0,0,0.14244,0,0.32333,0.30377,0.23046,0,0
"Clay Holmes",2025,0.21755,0.02966,0.35344,0,0.25233,0.1454,0.00162,0,0
"Clayton Kershaw",2024,0.08374,0,0.44154,0,0.36198,0.11274,0,0,0
"Clayton Kershaw",2025,0,0,0.56541,0,0,0.43459,0,0,0
"Cody Bolton",2024,0.18756,0.00516,0.2128,0,0.24389,0,0.35059,0,0
"Cody Bradford",2024,0.10338,0.15012,0.48426,0,0,0.26224,0,0.00001,0
"Cody Poteet",2024,0.10313,0,0.36239,0,0.23084,0,0.16449,0.13915,0
"Cole Henry",2025,0.20939,0.00284,0.39012,0,0.39277,0,0,0.00488,0
"Cole Irvin",2024,0.12751,0.07288,0.23526,0,0.18198,0.25641,0,0.12594,0
"Cole Ragans",2024,0.07142,0.15088,0.45556,0,0,0.32214,0,0,0
"Cole Ragans",2025,0.05757,0.18475,0.42357,0,0,0.33411,0,0,0
"Cole Sands",2024,0,0.25775,0.40406,0,0.33778,0,0,0.00041,0
"Cole Sands",2025,0,0.24673,0.36389,0,0.38871,0,0,0.00066,0
"Cole Sulser",2024,0.52834,0.00675,0.46448,0,0,0,0.00042,0,0
"Cole Sulser",2025,0.44676,0.01147,0.5408,0,0,0,0.00097,0,0
"Cole Winn",2024,0,0,0.47519,0,0.14794,0.37686,0,0.00001,0
"Colin Holderman",2024,0,0.17584,0.24101,0,0.24476,0,0.33839,0,0
"Colin Holderman",2025,0,0.22002,0.02823,0.00036,0.46779,0,0.2836,0,0
"Colin Poche",2024,0,0,0.5747,0,0,0.4253,0,0,0
"Colin Poche",2025,0,0,0.65017,0,0,0.34983,0,0,0
"Colin Rea",2024,0,0.26379,0.12937,0.00002,0.38898,0,0.1862,0.03164,0
"Colin Rea",2025,0,0.03808,0.36207,0.00319,0.26192,0.18642,0.0177,0.13063,0
"Colin Selby",2024,0,0,0.26293,0,0.23994,0.26432,0,0.2328,0
"Collin Snider",2024,0,0.18449,0.32888,0,0.16111,0,0.32552,0,0
"Collin Snider",2025,0,0.32444,0.20505,0,0.16665,0,0.18469,0.11916,0
"Colten Brewer",2024,0,0.08933,0.17867,0,0.16101,0.14248,0.00484,0.42367,0
"Colton Gordon",2025,0.12763,0,0.36269,0,0.12541,0,0.15122,0.23306,0
"Connor Brogdon",2025,0.15344,0.00293,0.84363,0,0,0,0,0,0
"Connor Gillispie",2024,0.3735,0.10176,0.52183,0,0,0,0.00291,0,0
"Connor Gillispie",2025,0.32622,0.00187,0.66197,0,0,0,0.00963,0.00031,0
"Connor Thomas",2025,0.19206,0.00339,0.30155,0,0.25517,0,0.24782,0,0
"Cooper Criswell",2024,0.28421,0.32722,0,0,0.34312,0.0432,0.00225,0,0
"Corbin Burnes",2024,0.29659,0.60188,0,0,0.05491,0.0094,0.00003,0.03719,0
"Corbin Burnes",2025,0.08432,0.55747,0,0,0.17038,0.13333,0,0.05449,0
"Craig Kimbrel",2024,0.1063,0,0.7285,0,0,0,0.15781,0.00739,0
"Craig Yoho",2025,0.39113,0.04395,0.56295,0,0,0,0.00197,0,0
"Cristian Javier",2024,0.18225,0,0.46504,0,0,0.35271,0,0,0
"Cristopher Sánchez",2024,0.27816,0.09375,0,0,0.40369,0.2244,0,0,0
"Cristopher Sánchez",2025,0.25703,0,0,0,0.55675,0.18622,0,0,0
"DJ Herz",2024,0.24934,0,0.42863,0,0,0.32203,0,0,0
"DL Hall",2024,0.17271,0.01818,0.33963,0,0.24322,0.21348,0,0.01279,0
"Dakota Hudson",2024,0.09388,0.21742,0.17229,0,0.10308,0.19316,0,0.22017,0
"Dallas Keuchel",2024,0.25408,0.33613,0,0,0.21903,0.19076,0,0,0
"Dane Dunning",2024,0.13577,0.00164,0.11044,0,0.42177,0.29273,0,0.00031,0.03735
"Daniel Hudson",2024,0.12302,0,0.32208,0,0.28978,0.26512,0,0,0
"Daniel Lynch IV",2024,0.18144,0.03766,0.31731,0,0.20793,0.21787,0,0.03779,0
"Daniel Lynch IV",2025,0.17858,0,0.28034,0,0.24705,0.29403,0,0,0
"Daniel Palencia",2024,0,0,0.46764,0,0.22884,0.30352,0,0,0
"Daniel Palencia",2025,0,0,0.54578,0,0.18173,0.27248,0,0,0
"Daniel Robert",2024,0,0.18399,0.21502,0,0.26616,0,0.33483,0,0
"Danny Coulombe",2024,0,0.46028,0.14719,0,0.09432,0,0.12249,0.17573,0
"Danny Coulombe",2025,0,0.38572,0.19027,0,0.12127,0,0.15379,0.14894,0
"Danny Young",2024,0,0.20338,0,0,0.56434,0,0.23228,0,0
"Danny Young",2025,0,0.20695,0,0,0.54915,0,0.24389,0,0
"Dany Jiménez",2024,0.24986,0,0.38087,0,0,0.36926,0,0,0
"Darius Vines",2024,0.06974,0.28247,0.41497,0,0,0.23279,0,0.00003,0
"Darren McCaughan",2024,0.17585,0,0.23173,0,0.27074,0,0.32168,0,0
"Daulton Jefferies",2024,0.1815,0.04027,0.26103,0,0.22139,0.29581,0,0,0
"David Bednar",2024,0,0,0.99996,0,0,0,0,0.00004,0
"David Bednar",2025,0,0,0.99991,0,0,0,0,0.00009,0
"David Festa",2024,0.17788,0,0.40454,0,0,0.41758,0,0,0
"David Festa",2025,0.13719,0,0.36449,0,0.27689,0.22143,0,0,0
"David Peterson",2024,0.16627,0,0.29549,0,0.26492,0.27331,0,0,0
"David Peterson",2025,0.16238,0,0.28675,0,0.26436,0.28651,0,0,0
"David Robertson",2024,0.05247,0.44149,0,0,0.08407,0.09948,0,0.32249,0
"Davis Daniel",2024,0.13703,0,0.71433,0,0,0.14864,0,0,0
"Davis Martin",2024,0.08148,0.18243,0.49247,0,0,0.24362,0,0,0
"Davis Martin",2025,0.17791,0.02735,0.31537,0,0.21864,0.23667,0,0.02406,0
"Daysbel Hernández",2024,0,0,0.25369,0,0.29716,0.44915,0,0,0
"Daysbel Hernández",2025,0,0,0.54483,0,0,0.45517,0,0,0
"Dean Kremer",2024,0,0.09961,0.46325,0,0.43705,0,0,0.00009,0
"Dean Kremer",2025,0,0.0361,0.26508,0,0.33067,0.36811,0,0.00003,0
"Declan Cronin",2024,0,0,0.2793,0,0.33641,0.26467,0.11962,0,0
"Dedniel Núñez",2024,0.19614,0,0.31791,0,0.22931,0.25664,0,0,0
"Deivi García",2024,0.14949,0,0.65456,0,0,0,0.19542,0.00052,0
"Dennis Santana",2024,0.16267,0.02703,0.33727,0,0.23915,0.23388,0,0,0
"Dennis Santana",2025,0.17948,0.02961,0.31501,0,0.22906,0.24683,0,0,0
"Derek Law",2024,0.20368,0.04866,0.345,0,0.16894,0.22734,0,0.00639,0
"Devin Williams",2024,0.4615,0.00025,0.53825,0,0,0,0,0,0
"Devin Williams",2025,0.49864,0,0.50136,0,0,0,0,0,0
"Diego Castillo",2024,0.10835,0,0.23907,0,0.35899,0.2936,0,0,0
"Dillon Tate",2024,0.27581,0,0,0,0.61827,0,0.10591,0,0
"Dillon Tate",2025,0.16801,0,0.16006,0,0.3786,0,0.29334,0,0
"Domingo Germán",2024,0.29169,0,0.31375,0,0.39332,0,0,0.00124,0
"Dominic Leone",2024,0.19045,0.01956,0.30868,0,0.25074,0.22832,0.00225,0,0
"Drew Pomeranz",2025,0,0,0.83758,0,0,0,0,0.16242,0
"Drew Rasmussen",2024,0,0.15778,0.35544,0,0.19932,0,0.28746,0,0
"Drew Rasmussen",2025,0,0.23454,0.29044,0,0.18862,0,0.17478,0.11162,0
"Drew Smith",2024,0.06502,0.23622,0.48873,0,0,0.21003,0,0,0
"Drew Smyly",2024,0,0.08015,0,0,0.55137,0,0,0.36849,0
"Drew Thorpe",2024,0.28283,0.07698,0.46321,0,0,0.17698,0,0,0
"Dustin May",2025,0,0.18191,0.26212,0,0.24012,0,0.31585,0,0
"Dylan Cease",2024,0.25189,0.03539,0.40133,0,0.17134,0.10028,0.00059,0.03918,0
"Dylan Cease",2025,0.16147,0,0.36099,0,0.20213,0.22448,0.05087,0.00004,0
"Dylan Floro",2024,0.14817,0,0.30259,0,0.2904,0.25884,0,0,0
"Dylan Lee",2024,0.16972,0,0.42703,0,0,0.40325,0,0,0
"Dylan Lee",2025,0.16132,0,0.47025,0,0,0.36843,0,0,0
"Easton Lucas",2024,0.20245,0.059,0.51419,0,0,0.22436,0,0,0
"Easton Lucas",2025,0.20894,0.06839,0.46798,0,0,0.25469,0,0,0
"Eduard Bazardo",2024,0,0,0.40108,0,0.28019,0.31873,0,0,0
"Eduard Bazardo",2025,0,0.19363,0.33516,0,0.2245,0.24671,0,0,0
"Eduardo Rodriguez",2024,0.18542,0.02913,0.33405,0,0.21848,0.23293,0,0,0
"Eduardo Rodriguez",2025,0.17179,0.02738,0.31784,0,0.2353,0.24769,0,0,0
"Eduardo Salazar",2024,0.1412,0,0.37566,0,0.21421,0.26859,0,0.00034,0
"Eduardo Salazar",2025,0.14421,0,0.28487,0,0.29228,0.27864,0,0,0
"Edward Cabrera",2024,0.17048,0,0.30656,0,0.25434,0.26863,0,0,0
"Edward Cabrera",2025,0.19211,0,0.29474,0,0.24946,0.26369,0,0,0
"Edwin Díaz",2024,0,0,0.60006,0,0,0.39994,0,0,0
"Edwin Díaz",2025,0,0,0.58761,0,0,0.41239,0,0,0
"Edwin Uceta",2024,0.40944,0.00009,0.5353,0,0,0,0.05515,0.00001,0
"Edwin Uceta",2025,0.40449,0.03679,0.55785,0,0,0,0.00087,0,0
"Eli Morgan",2024,0.29654,0,0.2766,0,0,0.42686,0,0,0
"Eli Morgan",2025,0.2864,0,0.32977,0,0,0.38383,0,0,0
"Elieser Hernández",2024,0.16734,0.04242,0.40871,0,0.21349,0.16804,0,0,0
"Elvin Rodriguez",2025,0.32096,0.00092,0.66508,0,0,0,0.01291,0.00013,0
"Elvis Peguero",2024,0,0,0,0,0.43552,0.55486,0,0.00962,0
"Elvis Peguero",2025,0,0,0,0,0.66704,0.33296,0,0,0
"Emerson Hancock",2024,0.11996,0,0.30924,0,0.21181,0.21597,0.14302,0,0
"Emerson Hancock",2025,0.14107,0,0.32527,0,0.20369,0.19049,0.13948,0,0
"Emilio Pagán",2024,0,0.07558,0.92442,0,0,0,0,0,0
"Emilio Pagán",2025,0,0.06191,0.93809,0,0,0,0,0,0
"Emmanuel Clase",2024,0,0.74902,0,0,0.1861,0.06488,0,0,0
"Emmanuel Clase",2025,0,0.7522,0,0,0.16902,0.07877,0,0,0
"Emmanuel Ramirez",2024,0,0,0.66979,0,0,0.33021,0,0,0
"Enoli Paredes",2024,0,0,0.28061,0,0.27153,0.44786,0,0,0
"Enyel De Los Santos",2024,0.18804,0,0.37869,0,0,0.43327,0,0,0
"Enyel De Los Santos",2025,0.1889,0,0.36632,0,0,0.44478,0,0,0
"Erasmo Ramírez",2024,0.19855,0.00106,0.43044,0,0.36967,0,0,0.00029,0
"Eric Lauer",2025,0.1518,0.11415,0.28163,0,0.15114,0.23927,0,0.06201,0
"Eric Orze",2025,0.24027,0,0.33866,0,0.26711,0.15396,0,0,0
"Erick Fedde",2024,0.19351,0.01044,0.24057,0,0.20581,0,0.34967,0,0
"Erick Fedde",2025,0.07709,0.39721,0,0,0.15655,0,0.36915,0,0
"Erik Miller",2024,0.21188,0,0.34162,0,0,0.4465,0,0,0
"Erik Miller",2025,0.09901,0,0.24447,0,0.37288,0.28364,0,0,0
"Erik Sabrowski",2024,0,0,0.75724,0,0,0.24274,0,0.00003,0
"Erik Swanson",2024,0,0,0.6144,0,0,0.3856,0,0,0
"Ethan Roberts",2024,0,0.18759,0.32093,0,0.17371,0,0.31777,0,0
"Ethan Roberts",2025,0,0.31388,0,0,0.29182,0,0.39429,0,0
"Evan Phillips",2024,0,0.17098,0.25811,0,0.22731,0,0.3436,0,0
"Evan Sisk",2025,0,0.029,0.10347,0,0.37211,0.3499,0,0.14552,0
"Fernando Cruz",2024,0,0.29549,0.25799,0,0.16458,0.28194,0,0,0
"Fernando Cruz",2025,0,0,0.37576,0,0.42085,0.20339,0,0,0
"Framber Valdez",2024,0.18026,0,0.33058,0,0.25761,0.23155,0,0,0
"Framber Valdez",2025,0.18643,0,0.30143,0,0.28973,0.22241,0,0,0
"Frankie Montas",2024,0,0.14873,0.25822,0,0.33111,0.26193,0,0,0
"Fraser Ellard",2024,0.15855,0.02366,0.36134,0,0.23778,0.21868,0,0,0
"Fraser Ellard",2025,0.12389,0,0.31841,0,0.29013,0.26758,0,0,0
"Freddy Peralta",2024,0.1805,0,0.46734,0,0,0.35216,0,0,0
"Freddy Peralta",2025,0.16158,0,0.53098,0,0,0.30744,0,0,0
"Félix Bautista",2025,0,0.00895,0,0,0.94086,0.05019,0,0,0
"Gabe Speier",2024,0.11039,0,0.30418,0,0.18841,0.22688,0.17014,0,0
"Gabe Speier",2025,0,0,0.28671,0,0.23975,0.47354,0,0,0
"Garrett Cleavinger",2024,0,0.16927,0.33649,0,0.27491,0.21395,0.00538,0,0
"Garrett Cleavinger",2025,0,0.13386,0.251,0,0.32042,0.29145,0.00327,0,0
"Garrett Crochet",2024,0.19939,0.01559,0.25886,0,0.24863,0,0.27753,0,0
"Garrett Crochet",2025,0.20378,0.03193,0.29513,0,0.24182,0,0.22734,0,0
"Garrett McDaniels",2025,0,0,0,0,0.49073,0.50824,0,0.00102,0
"Garrett Whitlock",2024,0.30488,0.29517,0,0,0.31151,0.08131,0.00713,0,0
"Garrett Whitlock",2025,0.0808,0,0,0,0.48888,0.33648,0.09384,0,0
"Gavin Hollowell",2025,0,0,0.01495,0,0.48492,0,0.50013,0,0
"Gavin Stone",2024,0.25361,0.0097,0.24234,0,0.22761,0.24651,0.00329,0.01695,0
"Gavin Williams",2024,0.07123,0.21647,0.44038,0,0,0.27191,0,0.00001,0
"Gavin Williams",2025,0.11215,0.00289,0.28754,0,0.26041,0,0.29337,0.04364,0
"Geoff Hartlieb",2024,0,0.26876,0.30984,0,0.19674,0.22467,0,0,0
"George Kirby",2024,0,0.03729,0.431,0,0.32101,0.2107,0,0.00001,0
"George Soriano",2024,0.20452,0,0.35548,0,0,0.44,0,0,0
"George Soriano",2025,0.19052,0,0.2963,0,0.3186,0.19459,0,0,0
"Germán Márquez",2025,0.16837,0,0.29014,0,0.28344,0.25803,0,0.00002,0
"Gerrit Cole",2024,0.14215,0.07165,0.31799,0,0.18644,0.22602,0,0.05575,0
"Gerson Garabito",2024,0.21372,0,0.30782,0,0.19979,0.27867,0,0.00001,0
"Gerson Garabito",2025,0.18236,0,0.34259,0,0.19254,0.28249,0,0.00001,0
"Giovanny Gallegos",2024,0.20187,0,0.34045,0,0,0.45768,0,0,0
"Gordon Graceffo",2024,0.23022,0,0.40067,0,0,0.36911,0,0,0
"Gordon Graceffo",2025,0.21996,0,0.46872,0,0,0.31132,0,0,0
"Graham Ashcraft",2024,0.19569,0.56705,0,0,0.13344,0.10381,0,0,0
"Graham Ashcraft",2025,0,0.98341,0,0,0,0.01659,0,0,0
"Grant Anderson",2024,0.11619,0,0.3175,0,0.30674,0.25957,0,0,0
"Grant Anderson",2025,0.25783,0,0.259,0,0.3176,0,0.16556,0,0
"Grant Hartwig",2024,0.19911,0.01826,0.2096,0,0.23846,0,0.33457,0,0
"Grant Holman",2024,0,0,0.62679,0,0,0.37321,0,0,0
"Grant Holman",2025,0,0,0.46378,0,0.32982,0.2064,0,0,0
"Grant Holmes",2024,0.07608,0.36753,0.29374,0,0,0.26259,0,0.00005,0
"Grant Holmes",2025,0.22878,0.0357,0.3605,0,0.16738,0.20554,0,0.0021,0
"Grayson Rodriguez",2024,0.27603,0,0.40655,0,0,0.31742,0,0,0
"Greg Weissert",2024,0.09144,0,0.33382,0,0.19692,0.20263,0.17518,0,0
"Greg Weissert",2025,0.11842,0,0.32058,0,0.18947,0.20712,0.16441,0,0
"Gregory Santos",2024,0.11814,0,0,0,0.46525,0.41661,0,0,0
"Gregory Santos",2025,0.10583,0,0.22034,0,0.36624,0.30759,0,0,0
"Gregory Soto",2024,0,0.14102,0.30892,0,0.33773,0.20618,0.00615,0,0
"Gregory Soto",2025,0,0,0.14844,0,0.45372,0.29159,0.10625,0,0
"Griffin Canning",2024,0.16825,0,0.3116,0,0.30271,0.21744,0,0,0
"Griffin Canning",2025,0.21509,0.08452,0.28719,0,0.15416,0.23805,0,0.02098,0
"Griffin Jax",2024,0.08095,0,0.34869,0,0.34509,0,0.18434,0.04093,0
"Griffin Jax",2025,0.15827,0.00148,0.25524,0,0.21919,0,0.35479,0.01103,0
"Guillo Zuñiga",2024,0.14709,0,0.24243,0,0.32427,0.28621,0,0,0
"Gunnar Hoglund",2025,0.11657,0,0.33831,0,0.22248,0.19528,0.12737,0,0
"Gus Varland",2024,0.13717,0,0.33733,0,0.27623,0.24927,0,0,0
"Génesis Cabrera",2024,0.18977,0.00029,0.34411,0,0.4658,0,0,0.00003,0
"Génesis Cabrera",2025,0,0.26137,0.4035,0,0.33505,0,0,0.00008,0
"Hans Crouse",2024,0.13338,0,0.2367,0,0.32179,0.30813,0,0,0
"Hayden Birdsong",2024,0.29934,0,0.45005,0,0,0.25062,0,0,0
"Hayden Birdsong",2025,0.35705,0,0.36892,0,0,0.27403,0,0,0
"Hayden Wesneski",2024,0.20078,0.00226,0.24009,0,0.25173,0,0.30514,0,0
"Hayden Wesneski",2025,0.12289,0.00967,0.30674,0,0.19834,0,0.15371,0.20865,0
"Hoby Milner",2024,0.18031,0,0.27154,0,0.32258,0,0.14836,0.07721,0
"Hoby Milner",2025,0.16204,0,0.22156,0,0.33004,0,0.21053,0.07583,0
"Hogan Harris",2024,0.43193,0.00018,0.55817,0,0,0,0.00971,0.00001,0
"Hogan Harris",2025,0.44648,0.00031,0.54859,0,0,0,0.0046,0.00002,0
"Huascar Brazobán",2024,0.39561,0.00007,0.2705,0,0.33382,0,0,0,0
"Huascar Brazobán",2025,0.3607,0.00005,0.31334,0,0.32591,0,0,0,0
"Humberto Castellanos",2024,0.28996,0.00359,0.34109,0,0.35976,0,0,0.0056,0
"Hunter Bigge",2024,0,0,0.37759,0,0.06389,0.28297,0.11035,0.1652,0
"Hunter Bigge",2025,0,0,0.42489,0.00001,0.20303,0.37191,0,0.00016,0
"Hunter Brown",2024,0.1722,0.00927,0.37048,0,0.21717,0.2196,0,0.01128,0
"Hunter Brown",2025,0.17691,0.00654,0.40558,0,0.19418,0.20683,0,0.00996,0
"Hunter Dobbins",2025,0,0,0.50692,0,0,0.34231,0.15061,0.00017,0
"Hunter Gaddis",2024,0.21453,0,0.42233,0,0,0.36314,0,0,0
"Hunter Gaddis",2025,0.20285,0,0.41768,0,0,0.37947,0,0,0
"Hunter Greene",2024,0,0,0.67915,0,0,0.32085,0,0,0
"Hunter Greene",2025,0,0,0.42625,0,0,0.57375,0,0,0
"Hunter Harvey",2024,0,0,0.72821,0,0,0.27179,0,0,0
"Hunter Stratton",2024,0,0.19018,0.24611,0,0.22168,0.34203,0,0,0
"Hunter Strickland",2024,0.24564,0.07053,0.38821,0,0.16779,0.12677,0.00106,0,0
"Hurston Waldrep",2024,0,0,0.64027,0,0,0.35973,0,0,0
"Héctor Neris",2024,0,0,0.53676,0,0.25189,0.21135,0,0,0
"Héctor Neris",2025,0,0,0.43134,0,0.31884,0.24983,0,0,0
"Ian Anderson",2025,0.31352,0,0.68648,0,0,0,0,0,0
"Ian Gibaut",2025,0.20832,0.07,0.46093,0,0,0.26075,0.00001,0,0
"Ian Hamilton",2024,0,0,0.28259,0,0.28156,0.43586,0,0,0
"Ian Hamilton",2025,0,0,0.25247,0,0.2703,0.47723,0,0,0
"Isaac Mattson",2024,0.17685,0,0.40114,0,0,0.42201,0,0,0
"Isaiah Campbell",2024,0,0,0.23865,0,0.2733,0.30311,0.18494,0,0
"J.P. Feyereisen",2024,0.25039,0,0.38914,0,0,0.36047,0,0,0
"J.P. France",2024,0.33533,0.00974,0.37215,0,0.14463,0,0.09788,0.04027,0
"J.T. Ginn",2024,0.1308,0.01156,0.2104,0,0.31359,0.33365,0,0,0
"J.T. Ginn",2025,0.09475,0.0051,0.15198,0,0.38136,0.36681,0,0,0
"JP Sears",2024,0.1249,0,0.32582,0,0.17815,0.17512,0.19601,0,0
"JP Sears",2025,0.1559,0,0.32668,0,0.17932,0.17937,0.15873,0,0
"JT Chargois",2024,0.10463,0,0.24722,0,0.34696,0.30118,0,0,0
"Jack Dreyer",2025,0,0,0.31898,0,0.23752,0.21412,0,0.22938,0
"Jack Flaherty",2024,0.16921,0,0.37768,0,0.23559,0.21752,0,0,0
"Jack Flaherty",2025,0.18033,0,0.37409,0,0.21866,0.22692,0,0,0
"Jack Kochanowicz",2024,0.11648,0,0.29914,0,0.21815,0.24142,0.12481,0,0
"Jack Kochanowicz",2025,0.1136,0,0.27684,0,0.20167,0.24822,0.15967,0,0
"Jack Leiter",2024,0.1808,0.00854,0.31006,0,0.23165,0.26592,0,0.00304,0
"Jack Leiter",2025,0.1419,0,0.45268,0,0.2252,0.18021,0,0,0
"Jack O'Loughlin",2024,0.21221,0,0.40231,0,0,0.38548,0,0,0
"Jackson Jobe",2025,0.17421,0,0.32353,0,0.16409,0.30487,0.03308,0.00022,0
"Jackson Rutledge",2024,0,0.01606,0.07863,0,0.49888,0.40641,0,0.00002,0
"Jackson Rutledge",2025,0,0.18435,0.35617,0,0.18671,0.27277,0,0,0
"Jacob Barnes",2024,0,0.16225,0.51017,0,0,0.32757,0,0,0
"Jacob Barnes",2025,0,0.00748,0.77235,0,0,0.22017,0,0,0
"Jacob Latz",2024,0.19229,0,0.46875,0,0,0.33895,0,0,0
"Jacob Latz",2025,0.19995,0,0.46122,0,0,0.33883,0,0,0
"Jacob Lopez",2024,0.12886,0.24012,0.42783,0,0,0.20319,0,0,0
"Jacob Lopez",2025,0.12762,0.22842,0.44474,0,0,0.19922,0,0,0
"Jacob Waguespack",2024,0.40972,0.00115,0.58912,0,0,0,0,0,0
"Jacob Webb",2024,0.34039,0,0.48691,0,0,0,0.1727,0,0
"Jacob Webb",2025,0.35283,0,0.50274,0,0,0,0.14443,0,0
"Jacob deGrom",2024,0.17536,0,0.48453,0,0,0.34011,0,0,0
"Jacob deGrom",2025,0.20912,0,0.43567,0,0,0.35521,0,0,0
"Jaden Hill",2024,0.12124,0,0.265,0,0.33136,0.2824,0,0,0
"Jairo Iriarte",2024,0.19206,0,0.38541,0,0,0.42252,0,0,0
"Jake Bird",2024,0.08479,0.16812,0.1968,0,0.16618,0.25129,0,0.13282,0
"Jake Bird",2025,0,0.06927,0.01736,0,0.21275,0.37172,0,0.3289,0
"Jake Bloss",2024,0.17047,0,0.30898,0,0.17488,0.28739,0.05769,0.00059,0
"Jake Cousins",2024,0,0,0.26955,0,0.26223,0.46823,0,0,0
"Jake Diekman",2024,0.14397,0,0.46454,0,0.16936,0,0.22213,0,0
"Jake Irvin",2024,0.13244,0.02154,0.26708,0,0.27059,0.23901,0,0.06934,0
"Jake Irvin",2025,0.13056,0.04195,0.26147,0,0.22363,0.23373,0,0.10867,0
"Jake Woodford",2024,0.20596,0.00638,0.25889,0,0.28241,0,0.24636,0,0
"Jakob Junis",2024,0.18522,0.03899,0.20818,0,0.19837,0.36924,0,0,0
"Jakob Junis",2025,0.10004,0,0.23405,0,0.37944,0.28648,0,0,0
"Jalen Beeks",2024,0.58859,0.00009,0.41132,0,0,0,0,0,0
"Jalen Beeks",2025,0.1275,0.0054,0.8671,0,0,0,0,0,0
"James McArthur",2024,0,0,0.24333,0,0.26108,0.29684,0,0.19875,0
"James Paxton",2024,0.26526,0.00014,0.57703,0,0.15755,0,0,0.00002,0
"Jameson Taillon",2024,0.19328,0.01894,0.29353,0,0.2023,0,0.12171,0.17025,0
"Jameson Taillon",2025,0.13288,0.00297,0.39588,0,0.19109,0,0.15881,0.11837,0
"Janson Junk",2024,0,0,0.33492,0,0.07506,0.31288,0.11386,0.16327,0
"Jared Jones",2024,0.20491,0,0.44747,0,0,0.34762,0,0,0
"Jared Koenig",2024,0.14175,0.00063,0.31759,0,0.53998,0,0,0.00004,0
"Jared Koenig",2025,0.24438,0.00833,0,0,0.72402,0,0,0.02326,0
"Jared Shuster",2024,0.14668,0,0.26501,0,0.30523,0.28307,0,0,0
"Jared Shuster",2025,0.10897,0,0.27132,0,0.24311,0.29126,0.08535,0,0
"Jason Adam",2024,0.22399,0.06683,0.48381,0,0,0.22537,0,0,0
"Jason Adam",2025,0.23457,0.08149,0.45568,0,0,0.22826,0,0,0
"Jason Alexander",2025,0.18549,0.00282,0.27387,0,0.23634,0,0.30149,0,0
"Jason Foley",2024,0.10249,0,0.34111,0,0.3095,0.24689,0,0,0
"Javier Assad",2024,0.22914,0.02456,0.31654,0,0.23049,0.17685,0.00366,0.01876,0
"Jay Jackson",2024,0.12245,0,0.31617,0,0.29833,0.26305,0,0,0
"Jeff Criswell",2024,0.16735,0,0.42362,0,0,0.40902,0,0,0
"Jeff Hoffman",2024,0,0,0.49522,0,0.20682,0.29796,0,0,0
"Jeff Hoffman",2025,0,0,0.4899,0,0.17367,0.33643,0,0,0
"Jeffrey Springs",2024,0.25329,0.05969,0.49058,0,0,0.19644,0,0,0
"Jeffrey Springs",2025,0.2389,0.0615,0.48249,0,0,0.2171,0,0,0
"Jeremiah Estrada",2024,0,0,0.58008,0,0,0.41992,0,0,0
"Jeremiah Estrada",2025,0,0,0.62886,0,0,0.37114,0,0,0
"Jesse Chavez",2024,0.06691,0.51145,0,0,0.13424,0.15856,0,0.12884,0
"Jesus Tinoco",2024,0.1387,0.01976,0.26699,0,0.29811,0.27644,0,0,0
"Jesus Tinoco",2025,0.12068,0,0.27805,0,0.31105,0.29023,0,0,0
"Jesús Luzardo",2024,0.13209,0,0.34795,0,0.31465,0.20532,0,0,0
"Jesús Luzardo",2025,0.10833,0,0.3021,0,0.19626,0.22243,0.17088,0,0
"Jhoan Duran",2024,0,0,0.65236,0,0,0,0.09752,0.25012,0
"Jhoan Duran",2025,0,0,0.39916,0,0,0,0.08343,0.51741,0
"Jhonathan Díaz",2024,0.13582,0,0.27218,0,0.29216,0.29984,0,0,0
"Jhony Brito",2024,0.17255,0,0.3336,0,0.16417,0.29292,0.03638,0.00038,0
"Jimmy Herget",2024,0.17286,0,0.2246,0,0.31358,0.28895,0,0.00001,0
"Jimmy Herget",2025,0.19523,0,0.30592,0,0.24648,0.25236,0,0,0
"JoJo Romero",2024,0.09756,0,0.2735,0,0.34961,0.27933,0,0,0
"JoJo Romero",2025,0.10704,0,0.25541,0,0.3505,0.28705,0,0,0
"Joan Adon",2024,0.19145,0,0.29006,0,0.22008,0.29841,0,0,0
"Joe Boyle",2024,0,0,0.59506,0,0,0.21301,0.15699,0.03493,0
"Joe Jiménez",2024,0.1701,0,0.4295,0,0,0.4004,0,0,0
"Joe Kelly",2024,0.17125,0,0.32,0,0.23983,0.26893,0,0,0
"Joe La Sorsa",2024,0.168,0,0.21917,0,0.47283,0,0.14,0,0
"Joe Mantiply",2024,0.32068,0,0.20818,0,0.47102,0,0,0.00012,0
"Joe Mantiply",2025,0.35465,0,0.21549,0,0.42963,0,0,0.00023,0
"Joe Musgrove",2024,0.22115,0.04512,0.32832,0,0.22322,0.13275,0.00102,0.04842,0
"Joe Ross",2024,0.16833,0,0.33525,0,0.21856,0.27785,0,0,0
"Joe Ross",2025,0.16161,0,0.32353,0,0.24696,0.2679,0,0.00001,0
"Joe Ryan",2024,0,0,0.28664,0,0.27858,0.25415,0.18063,0,0
"Joe Ryan",2025,0,0,0.59022,0.00012,0.0266,0.25501,0.09057,0.03748,0
"Joel Kuhnel",2024,0.23558,0,0.26095,0,0.21817,0.28531,0,0,0
"Joel Payamps",2024,0.113,0,0.37168,0,0.28012,0.2352,0,0,0
"Joel Payamps",2025,0.11736,0,0.3436,0,0.29324,0.2458,0,0,0
"Joely Rodríguez",2024,0.30631,0,0,0,0.4515,0,0.24219,0,0
"Joey Cantillo",2024,0.35765,0,0.39177,0,0,0.25058,0,0,0
"Joey Cantillo",2025,0.29566,0,0.39167,0,0,0.31267,0,0,0
"Joey Estes",2024,0.24541,0.04469,0.38309,0,0.21605,0.11044,0.00033,0,0
"Joey Estes",2025,0.16461,0,0.30817,0,0.19974,0.19099,0.13648,0,0
"Joey Lucchesi",2024,0.30806,0.00168,0,0,0.69026,0,0,0,0
"Joey Wentz",2024,0.41022,0.00016,0.58962,0,0,0,0,0,0
"Joey Wentz",2025,0.38209,0.00066,0.61725,0,0,0,0,0,0
"John Brebbia",2024,0,0,0.59045,0,0,0.40955,0,0,0
"John Brebbia",2025,0.18258,0,0.4045,0,0,0.41292,0,0,0
"John King",2024,0.10086,0,0.28888,0,0.3326,0.27765,0,0,0
"John King",2025,0.10044,0,0.27397,0,0.34201,0.28358,0,0,0
"John McMillon",2024,0,0.19145,0.51251,0,0,0.29604,0,0,0
"John Means",2024,0.22864,0,0.42343,0,0,0.34793,0,0,0
"John Schreiber",2024,0.21173,0.00754,0.2734,0,0.30936,0,0.19797,0,0
"John Schreiber",2025,0,0.20723,0.1893,0,0.28314,0,0.32033,0,0
"Johnny Cueto",2024,0.18811,0.02263,0.33832,0,0.2316,0.20524,0,0.01409,0
"Jon Gray",2024,0.2075,0,0.41335,0,0,0.37914,0,0,0
"Jonathan Bermúdez",2024,0.21589,0,0.51028,0,0,0.26399,0.00984,0,0
"Jonathan Cannon",2024,0.20078,0.00609,0.30217,0,0.28266,0,0.2083,0,0
"Jonathan Cannon",2025,0.1931,0.00332,0.34146,0,0.25337,0,0.20876,0,0
"Jonathan Heasley",2024,0,0,0.47682,0,0,0.23384,0.25486,0.03447,0
"Jonathan Hernández",2024,0.12324,0,0,0,0.47251,0.40425,0,0,0
"Jordan Hicks",2024,0,0,0.06008,0,0.6055,0,0.33442,0,0
"Jordan Hicks",2025,0,0,0.03618,0,0.73472,0,0.2291,0,0
"Jordan Leasure",2024,0,0,0.56499,0,0,0.43481,0,0.0002,0
"Jordan Leasure",2025,0,0,0.62577,0,0,0.37423,0,0,0
"Jordan Montgomery",2024,0.16765,0,0.28991,0,0.28912,0.25332,0,0,0
"Jordan Romano",2024,0,0,0.58564,0,0,0.41436,0,0,0
"Jordan Romano",2025,0,0,0.58522,0,0,0.41478,0,0,0
"Jordan Weems",2024,0,0,0.56947,0,0,0.43053,0,0,0
"Jordan Wicks",2024,0.1593,0,0.34736,0,0.18457,0.26149,0.04713,0.00015,0
"Jorge Alcala",2024,0.10279,0,0.30592,0,0.31871,0.27257,0,0,0
"Jorge Alcala",2025,0.12932,0,0.40738,0,0.26524,0.19805,0,0.00001,0
"Jorge López",2024,0.18878,0,0.27637,0,0.24932,0.28552,0,0,0
"Jorge López",2025,0.17576,0,0.26362,0,0.24487,0.31575,0,0,0
"Jose A. Ferrer",2024,0.09798,0,0.28104,0,0.33063,0.29035,0,0,0
"Jose A. Ferrer",2025,0.20538,0,0,0,0.5133,0.28132,0,0,0
"Jose Cuas",2024,0.21152,0,0.28869,0,0.3156,0,0.18419,0,0
"Jose Quintana",2024,0.34077,0,0.27746,0,0.38123,0,0,0.00054,0
"Jose Quintana",2025,0.30798,0,0.27924,0,0.41208,0,0,0.0007,0
"Josh Fleming",2024,0.34249,0.00602,0,0,0.63984,0,0,0.01165,0
"Josh Hader",2024,0.09372,0,0,0,0.52733,0.37895,0,0,0
"Josh Hader",2025,0.08067,0,0,0,0.55166,0.36767,0,0,0
"Josh Rogers",2024,0.25312,0.05172,0.33395,0,0.21053,0.14797,0.0027,0,0
"Josh Sborz",2024,0,0,0.49141,0,0,0.5082,0,0.00039,0
"Josh Staumont",2024,0,0,0.30123,0,0.28215,0.36874,0,0.04788,0
"Josh Walker",2024,0,0,0.23069,0,0.3617,0,0,0.40761,0
"Josh Winckowski",2024,0.16645,0.01844,0.30659,0,0.2464,0.26211,0,0,0
"Josh Winckowski",2025,0.12591,0.00752,0.23171,0,0.30711,0.32775,0,0,0
"Josh Winder",2024,0.105,0,0.28016,0,0.22594,0.25147,0.13742,0,0
"Josiah Gray",2024,0.25257,0.01761,0.22732,0,0.19919,0.24611,0.00271,0.0545,0
"José Alvarado",2024,0,0.09087,0.2208,0,0.67199,0,0,0.01634,0
"José Alvarado",2025,0,0.08666,0.25781,0,0.63677,0,0,0.01877,0
"José Berríos",2024,0.19694,0.00129,0.45084,0,0.35012,0,0,0.00082,0
"José Berríos",2025,0.21905,0.00174,0.41952,0,0.3583,0,0,0.00138,0
"José Buttó",2024,0.1088,0,0.32581,0,0.20359,0.19491,0.16689,0,0
"José Buttó",2025,0.10746,0,0.31956,0,0.20179,0.21449,0.1567,0,0
"José Castillo",2025,0,0,0.28607,0,0.24596,0.46797,0,0,0
"José Cisnero",2024,0.1474,0.01802,0.33279,0,0.25888,0.24291,0,0,0
"José Fermin",2025,0.10751,0,0.36839,0,0.29384,0.23026,0,0,0
"José Leclerc",2024,0.09913,0.12702,0.26475,0,0.17278,0.24348,0,0.09285,0
"José Leclerc",2025,0.098,0.09434,0.27851,0,0.22018,0.23866,0,0.0703,0
"José Marte",2024,0.10936,0,0.31861,0,0.30657,0.26547,0,0,0
"José Quijada",2024,0.1536,0,0.45156,0,0,0.39484,0,0,0
"José Ruiz",2024,0.21535,0,0.30824,0,0.19536,0.28105,0,0,0
"José Ruiz",2025,0.17587,0,0.32499,0,0.18295,0.27675,0.03923,0.0002,0
"José Soriano",2024,0,0,0.39292,0,0.20318,0.40389,0,0.00001,0
"José Soriano",2025,0,0,0.39818,0.00001,0.26948,0.33233,0,0.00001,0
"José Suarez",2024,0.24125,0.02634,0.38256,0,0.1941,0.12409,0.00109,0.03056,0
"José Suarez",2025,0.17539,0,0.48872,0,0,0.33589,0,0,0
"José Ureña",2024,0.12232,0,0.31275,0,0.29157,0.27336,0,0,0
"José Ureña",2025,0.11677,0,0.29311,0,0.31307,0.27705,0,0,0
"Juan Mejia",2025,0,0,0.51132,0,0,0.48868,0,0,0
"Juan Morillo",2025,0.08757,0,0.34744,0,0.32229,0.24269,0,0,0
"Julian Aguiar",2024,0.17081,0,0,0,0.39166,0.43742,0,0.00011,0
"Julian Merryweather",2024,0.35913,0,0.52386,0,0,0.11689,0.00012,0,0
"Julian Merryweather",2025,0.36292,0,0.55937,0,0,0.07766,0.00004,0,0
"Justin Anderson",2024,0,0.12816,0.27772,0,0.23113,0.36299,0,0,0
"Justin Lawrence",2024,0,0,0.01278,0,0.4856,0,0.50162,0,0
"Justin Lawrence",2025,0,0,0.01195,0,0.48333,0,0.50472,0,0
"Justin Martinez",2024,0,0,0.31264,0,0.45115,0.23621,0,0,0
"Justin Martinez",2025,0,0,0.38308,0,0.2914,0.32552,0,0,0
"Justin Slaten",2024,0,0.024,0.54457,0,0,0,0.37147,0.05997,0
"Justin Slaten",2025,0,0.01995,0.68004,0,0,0,0.20241,0.0976,0
"Justin Steele",2024,0.14453,0,0.31308,0,0.25417,0.28821,0,0,0
"Justin Steele",2025,0.14984,0,0.32088,0,0.23587,0.29341,0,0,0
"Justin Sterner",2025,0,0.31442,0.40258,0,0,0,0.28299,0,0
"Justin Topa",2025,0.09131,0.26701,0,0,0.24317,0,0.39852,0,0
"Justin Verlander",2024,0.20662,0,0.42167,0,0,0.37171,0,0,0
"Justin Verlander",2025,0.22087,0,0.40513,0,0,0.36806,0.00587,0.00007,0
"Justin Wilson",2024,0,0.00309,0.72048,0,0,0.27643,0,0,0
"Justin Wilson",2025,0,0.00235,0.57931,0,0,0.41834,0,0,0
"Justin Wrobleski",2024,0.14671,0,0.39881,0,0.19251,0.23052,0.03098,0.00046,0
"Justin Wrobleski",2025,0.19912,0.01989,0.45649,0,0.18192,0.14081,0,0.00176,0
"Kai-Wei Teng",2024,0.16684,0,0.21882,0,0.20663,0.37574,0.02869,0.00329,0
"Kaleb Ort",2024,0.33132,0.04568,0.62142,0,0,0,0.00158,0,0
"Kaleb Ort",2025,0.34508,0.07151,0.58232,0,0,0,0.00108,0,0
"Keaton Winn",2024,0,0,0.47643,0,0.33439,0.18918,0,0,0
"Keegan Akin",2024,0.16288,0,0.4167,0,0,0.42042,0,0,0
"Keegan Akin",2025,0.17101,0,0.39451,0,0,0.43448,0,0,0
"Keegan Thompson",2024,0.18574,0.00851,0.30894,0,0.21165,0,0.18317,0.10199,0
"Keider Montero",2024,0.16531,0,0.31327,0,0.25625,0.26518,0,0,0
"Keider Montero",2025,0.17443,0,0.27504,0,0.16166,0.35414,0.03282,0.0019,0
"Kenley Jansen",2024,0,0.6634,0,0,0.15186,0.18474,0,0,0
"Kenley Jansen",2025,0,0.63677,0,0,0.16794,0.19529,0,0,0
"Kenny Rosenberg",2024,0.31455,0.00053,0.68492,0,0,0,0,0,0
"Kent Emanuel",2024,0.08971,0,0,0,0.41496,0.27981,0.21552,0,0
"Kenta Maeda",2024,0,0.05026,0.34641,0.00093,0.26965,0.2546,0.02334,0.05481,0
"Kenta Maeda",2025,0,0.07043,0.22313,0.00013,0.35301,0.31335,0.01178,0.02816,0
"Kevin Gausman",2024,0,0,0.48138,0,0.21479,0.30383,0,0,0
"Kevin Gausman",2025,0,0,0.47773,0,0.21469,0.30758,0,0,0
"Kevin Ginkel",2024,0,0,0.28456,0,0.28583,0.4296,0,0,0
"Kevin Ginkel",2025,0,0,0.28873,0,0.28,0.43127,0,0,0
"Kevin Herget",2024,0.15203,0.19637,0.52609,0,0,0.12552,0,0,0
"Kevin Kelly",2024,0,0.18752,0.19415,0,0.27139,0,0.34694,0,0
"Kirby Snead",2024,0.11647,0,0.27529,0,0.31521,0.29303,0,0,0
"Kirby Yates",2024,0,0,0.65711,0,0,0.34289,0,0,0
"Kirby Yates",2025,0,0,1,0,0,0,0,0,0
"Kodai Senga",2025,0,0.01177,0.39995,0,0.0787,0.07645,0.09369,0.04542,0.29402
"Kody Funderburk",2024,0.01994,0.51058,0,0,0.21731,0,0.25216,0,0
"Kody Funderburk",2025,0.2757,0.37794,0,0,0.18062,0.15682,0.00893,0,0
"Kolby Allard",2024,0.23829,0.00048,0.47305,0,0.28803,0,0,0.00014,0
"Kolby Allard",2025,0.22556,0.00073,0.44629,0,0.32711,0,0,0.00032,0
"Kris Bubic",2024,0.11118,0,0.32117,0,0.195,0.24783,0.12482,0,0
"Kris Bubic",2025,0.11491,0,0.35976,0,0.1944,0.20692,0.12401,0,0
"Kumar Rocker",2024,0.15183,0,0.24637,0,0.24589,0.35589,0,0.00001,0
"Kumar Rocker",2025,0.0944,0.12126,0.18584,0,0.10952,0.20784,0,0.28115,0
"Kutter Crawford",2024,0,0.13155,0.72236,0.00022,0,0,0.1432,0.00266,0
"Ky Bush",2024,0.20053,0,0.40193,0,0,0.39754,0,0,0
"Kyle Bradish",2024,0,0,0.3074,0,0.33944,0.29504,0,0.05813,0
"Kyle Finnegan",2024,0,0,0.71333,0,0,0.28667,0,0,0
"Kyle Finnegan",2025,0,0,0.70927,0,0,0.29073,0,0,0
"Kyle Freeland",2024,0.19524,0.00268,0.41559,0,0.38421,0,0,0.00228,0
"Kyle Freeland",2025,0.13111,0.00567,0.2922,0,0.23833,0,0.27293,0.05976,0
"Kyle Gibson",2024,0.12693,0.01394,0.30022,0,0.2125,0,0.15314,0.19328,0
"Kyle Gibson",2025,0.19897,0.03289,0.31407,0,0.26139,0.16106,0.00528,0.02635,0
"Kyle Harrison",2024,0.25192,0,0.41904,0,0,0.32905,0,0,0
"Kyle Harrison",2025,0.21894,0,0.78106,0,0,0,0,0,0
"Kyle Hart",2025,0.13433,0,0.3273,0,0.19516,0.18792,0.15529,0,0
"Kyle Hendricks",2024,0.35606,0,0.23929,0,0.40375,0,0,0.00089,0
"Kyle Hendricks",2025,0.35924,0,0.24417,0,0.3953,0,0,0.00128,0
"Kyle Leahy",2024,0.21641,0,0.40803,0,0,0.35445,0.02095,0.00016,0
"Kyle Leahy",2025,0.19814,0,0.27609,0,0.15528,0.32816,0.04188,0.00046,0
"Kyle Muller",2024,0.1632,0,0.39297,0,0,0.44383,0,0,0
"Kyle Nelson",2024,0,0.26083,0.50728,0,0,0.23188,0,0,0
"Kyle Nicolas",2024,0,0,0.48154,0,0,0.51809,0,0.00037,0
"Kyle Nicolas",2025,0,0,0.47033,0,0,0.52915,0,0.00052,0
"Kyle Tyler",2024,0.10806,0.17945,0.53481,0,0,0.17758,0,0.0001,0
"Lake Bachar",2024,0,0,0.82455,0,0,0,0.17545,0,0
"Lake Bachar",2025,0,0,0.6353,0,0,0.34905,0.01565,0,0
"Lance Lynn",2024,0.19568,0.00504,0.32651,0,0.19982,0,0.2279,0.04505,0
"Lance McCullers Jr.",2025,0.1068,0.17314,0.21895,0,0.17207,0.23871,0,0.09033,0
"Landen Roupp",2024,0.1672,0,0.31017,0,0.22025,0.30237,0,0.00001,0
"Landen Roupp",2025,0.17746,0.00121,0.45716,0,0.36322,0,0,0.00095,0
"Landon Knack",2024,0.19137,0,0.41934,0,0,0.38193,0.00714,0.0002,0
"Landon Knack",2025,0.26727,0,0.38233,0,0,0.3504,0,0,0
"Liam Hendriks",2025,0,0,0.55344,0,0,0.44624,0,0.00032,0
"Logan Allen",2024,0.04071,0.01948,0.69708,0.00015,0.21349,0,0.02804,0.00106,0
"Logan Allen",2025,0.19182,0.00467,0.30263,0,0.25994,0,0.24095,0,0
"Logan Evans",2025,0.16319,0.02595,0.23742,0,0.21497,0,0.09417,0.26429,0
"Logan Gilbert",2024,0,0.07244,0.5636,0,0.22163,0.14232,0,0,0
"Logan Gilbert",2025,0,0,0.55922,0,0.1157,0.32509,0,0,0
"Logan Gillaspie",2024,0.16092,0.02525,0.44619,0,0.26485,0.0942,0.00182,0.00677,0
"Logan Gillaspie",2025,0.18239,0.01644,0.34962,0,0.2764,0.1632,0.00403,0.00792,0
"Logan Henderson",2025,0.1628,0.02794,0.3523,0,0.23721,0.21975,0,0,0
"Logan VanWey",2025,0.18869,0.00259,0.2762,0,0.24669,0,0.28583,0,0
"Logan Webb",2024,0.18733,0.00091,0.23642,0,0.24935,0,0.32599,0,0
"Logan Webb",2025,0.18299,0.00051,0.24957,0,0.283,0,0.28393,0,0
"Lou Trivino",2025,0.18701,0.0044,0.28474,0,0.24078,0,0.28307,0,0
"Louis Varland",2024,0.17676,0,0.33823,0,0.21873,0.26628,0,0,0
"Louis Varland",2025,0.15697,0,0.4114,0,0.18586,0.24576,0,0.00001,0
"Luarbert Arias",2025,0,0,0.69241,0,0,0.30759,0,0,0
"Lucas Erceg",2024,0.10664,0,0.30733,0,0.31583,0.2702,0,0,0
"Lucas Erceg",2025,0.12762,0,0.28114,0,0.30476,0.28648,0,0,0
"Lucas Giolito",2025,0.29226,0,0.43618,0,0,0.27156,0,0,0
"Lucas Sims",2024,0,0.0022,0.57666,0,0,0.41158,0.00006,0.0095,0
"Lucas Sims",2025,0,0.02184,0.37436,0.00165,0.23218,0.18826,0.01022,0.17149,0
"Luis Castillo",2024,0.11473,0,0.29082,0,0.31643,0.27802,0,0,0
"Luis Castillo",2025,0.12233,0,0.28151,0,0.31946,0.2767,0,0,0
"Luis Contreras",2024,0.17944,0,0.3727,0,0.17458,0.22379,0.04905,0.00044,0
"Luis Contreras",2025,0.13497,0,0.33387,0,0.21283,0.18709,0.13124,0,0
"Luis F. Castillo",2025,0.12976,0,0.27794,0,0.309,0.2833,0,0,0
"Luis Frías",2024,0,0.22694,0.34442,0,0.21999,0.20865,0,0,0
"Luis García",2024,0,0.01385,0.02063,0.00003,0.61007,0.35536,0.00007,0,0
"Luis García",2025,0,0,0.2558,0,0.34417,0.21369,0.18634,0,0
"Luis Gil",2024,0.16383,0,0.42456,0,0,0.41161,0,0,0
"Luis Guerrero",2024,0.22677,0,0.59057,0,0,0,0.18266,0,0
"Luis L. Ortiz",2024,0.151,0.01751,0.25879,0,0.2781,0.29461,0,0,0
"Luis L. Ortiz",2025,0.12221,0.00839,0.22091,0,0.31083,0.33766,0,0,0
"Luis Medina",2024,0.1744,0,0.2903,0,0.24256,0.29273,0,0,0
"Luis Mey",2025,0,0,0,0,0.71495,0.28505,0,0,0
"Luis Peralta",2024,0.15524,0,0.84475,0,0,0,0,0.00001,0
"Luis Peralta",2025,0.13948,0,0.86052,0,0,0,0,0,0
"Luis Severino",2024,0.24341,0.02335,0.33473,0,0.22771,0.16998,0.00082,0,0
"Luis Severino",2025,0.24509,0.02592,0.33948,0,0.22188,0.16685,0.00078,0,0
"Luke Jackson",2024,0,0.08019,0.32681,0,0,0.52671,0,0.06628,0
"Luke Jackson",2025,0,0,0.53439,0,0,0.46518,0,0.00043,0
"Luke Little",2024,0,0,0.79785,0,0,0,0.20215,0,0
"Luke Weaver",2024,0.08718,0.09872,0.55881,0,0,0.25528,0,0,0
"Luke Weaver",2025,0.15897,0.07758,0.53777,0,0,0.22568,0,0,0
"Lyon Richardson",2025,0.15221,0,0.33466,0,0.25438,0.25874,0,0,0
"MacKenzie Gore",2024,0.17175,0.02881,0.65731,0,0,0.14191,0.00001,0.00022,0
"MacKenzie Gore",2025,0.06572,0.17415,0.55119,0,0,0.20894,0,0,0
"Manuel Rodríguez",2024,0,0,0.12938,0,0.32049,0.43095,0.11918,0,0
"Manuel Rodríguez",2025,0,0,0.30461,0,0.22509,0.47029,0,0,0
"Marco Gonzales",2024,0.23892,0.0011,0.44701,0,0.3127,0,0,0.00026,0
"Marcus Stroman",2024,0,0.03769,0.13986,0,0.42384,0.39592,0,0.00269,0
"Marcus Stroman",2025,0,0.04336,0.18042,0,0.40548,0.36973,0,0.001,0
"Mark Leiter Jr.",2024,0.3034,0.07044,0,0.00378,0.6003,0,0.02132,0.00076,0
"Mark Leiter Jr.",2025,0,0.3414,0,0,0.58662,0.06987,0,0.0021,0
"Martín Pérez",2024,0.24626,0.05595,0.38161,0,0.28208,0,0,0.0341,0
"Martín Pérez",2025,0.30993,0.00149,0.35071,0,0.3372,0,0,0.00067,0
"Mason Black",2024,0.09795,0,0.29306,0,0.20774,0.23266,0.16859,0,0
"Mason Englert",2024,0.20592,0.0216,0.32865,0,0.21991,0.21096,0,0.01297,0
"Mason Englert",2025,0.27509,0.02333,0.34565,0,0.19058,0.14195,0.00176,0.02163,0
"Mason Fluharty",2025,0,0.99994,0,0,0,0,0.00006,0,0
"Mason Miller",2024,0.22717,0,0.65758,0,0,0.11525,0,0,0
"Mason Miller",2025,0.14275,0,0.48491,0,0,0.37234,0,0,0
"Mason Montgomery",2024,0,0,0.61366,0,0,0.38634,0,0,0
"Mason Montgomery",2025,0,0,0.61979,0,0,0.38021,0,0,0
"Matt Barnes",2024,0,0,0.99967,0,0,0,0,0.00033,0
"Matt Bowman",2024,0,0.27846,0.02959,0.00019,0.45437,0,0.23739,0,0
"Matt Bowman",2025,0,0.00021,0,0.00001,0.99691,0,0.00287,0,0
"Matt Brash",2025,0.17745,0,0.38887,0,0.21738,0.2163,0,0,0
"Matt Carasiti",2024,0,0.16937,0.1702,0,0.38625,0,0,0,0.27418
"Matt Festa",2024,0,0.15221,0.56835,0,0,0,0.27944,0,0
"Matt Festa",2025,0,0.29858,0.4188,0,0,0,0.28262,0,0
"Matt Foster",2024,0.20222,0,0.41958,0,0,0.3782,0,0,0
"Matt Manning",2024,0,0,0.56141,0,0,0.26093,0.17746,0.00019,0
"Matt Moore",2024,0.48299,0.00005,0.51697,0,0,0,0,0,0
"Matt Sauer",2024,0.01746,0,0.60424,0.00001,0.09371,0,0.21994,0.06465,0
"Matt Sauer",2025,0.1869,0.01747,0.33675,0,0.21744,0.22986,0,0.01158,0
"Matt Strahm",2024,0.12715,0.01173,0.34858,0,0.277,0.23553,0,0,0
"Matt Strahm",2025,0.12634,0.01087,0.32768,0,0.28454,0.25057,0,0,0
"Matt Svanson",2025,0,0.28666,0,0,0.38901,0,0.32434,0,0
"Matt Waldron",2024,0,0.18785,0.24425,0,0.24596,0,0.32194,0,0
"Matthew Boyd",2024,0.15407,0,0.30246,0,0.26517,0.2783,0,0,0
"Matthew Boyd",2025,0.16254,0,0.30241,0,0.26598,0.26907,0,0,0
"Matthew Liberatore",2024,0.07817,0.13595,0.19936,0,0.18336,0.25443,0,0.14873,0
"Matthew Liberatore",2025,0.09963,0.13543,0.25897,0,0.1575,0.2205,0,0.12797,0
"Max Fried",2024,0.26741,0.03504,0.30441,0,0.1722,0.15635,0.00129,0.06329,0
"Max Fried",2025,0.2899,0.03224,0.25814,0,0.15926,0.18417,0.00135,0.07494,0
"Max Kranick",2025,0,0,0.42955,0,0.06061,0.22826,0.12454,0.15704,0
"Max Lazar",2024,0,0.06738,0.46715,0,0,0.44221,0,0.02326,0
"Max Meyer",2024,0.11517,0,0.28494,0,0.22003,0.24124,0.13861,0,0
"Max Meyer",2025,0.11423,0,0.31159,0,0.20967,0.25636,0.10815,0,0
"Max Scherzer",2024,0.06695,0.26509,0.464,0,0,0.20395,0,0.00001,0
"Merrill Kelly",2024,0.15768,0.05874,0.31251,0,0.1866,0.24068,0,0.04378,0
"Merrill Kelly",2025,0.16309,0.0677,0.30904,0,0.17402,0.25516,0,0.03099,0
"Michael Darrell-Hicks",2025,0,0.29909,0,0,0.38588,0,0.31504,0,0
"Michael Grove",2024,0,0.02438,0.16977,0,0.27283,0.33202,0,0.201,0
"Michael Kelly",2024,0,0,0.16808,0,0.26377,0.32466,0.2435,0,0
"Michael King",2024,0.11232,0,0.30478,0,0.17031,0.20066,0.21194,0,0
"Michael King",2025,0.10783,0,0.29906,0,0.17963,0.22334,0.19013,0,0
"Michael Kopech",2024,0,0.103,0.74183,0,0,0.15518,0,0,0
"Michael Lorenzen",2024,0.24441,0.03291,0.32182,0,0.20165,0.15538,0.00249,0.04134,0
"Michael Lorenzen",2025,0.22078,0.0202,0.34741,0,0.23614,0.1581,0.00273,0.01465,0
"Michael McGreevy",2024,0.13614,0.00754,0.33489,0,0.23109,0,0.20601,0.08433,0
"Michael Mercado",2024,0.43707,0.00012,0.56281,0,0,0,0,0,0
"Michael Petersen",2024,0.16851,0.05638,0.5426,0,0.14473,0.08778,0,0,0
"Michael Soroka",2024,0.16057,0,0.34469,0,0.24074,0.254,0,0,0
"Michael Soroka",2025,0.15491,0,0.32722,0,0.25518,0.26268,0,0,0
"Michael Tonkin",2024,0,0,0.2509,0,0.27958,0.30672,0.1628,0,0
"Michael Wacha",2024,0.25333,0.00153,0.38576,0,0.19855,0.16079,0,0.00004,0
"Michael Wacha",2025,0.27864,0.00171,0.38576,0,0.18167,0.15217,0,0.00004,0
"Michel Otañez",2024,0,0,0.28147,0,0.23393,0.4846,0,0,0
"Michel Otañez",2025,0,0,0.28163,0,0.24692,0.47145,0,0,0
"Miguel Castro",2024,0.17921,0,0,0,0.49272,0.32807,0,0,0
"Mike Baumann",2024,0.18962,0,0.32189,0,0.19565,0.29284,0,0,0
"Mike Burrows",2025,0.24649,0,0.3886,0,0,0.36491,0,0,0
"Mike Clevinger",2024,0.21217,0.00503,0.34745,0,0.16756,0,0.19338,0.0744,0
"Mike Clevinger",2025,0.14862,0.0035,0.43198,0,0.15359,0,0.24913,0.01318,0
"Mike Vasil",2025,0.14862,0.00472,0.34708,0,0.19031,0,0.20789,0.10139,0
"Miles Mikolas",2024,0.16852,0,0.27988,0,0.18299,0.34006,0.02688,0.00167,0
"Miles Mikolas",2025,0.16277,0,0.20567,0,0.16183,0.44029,0.02746,0.00199,0
"Mitch Keller",2024,0.22832,0.02745,0.39732,0,0.2023,0.11171,0.00132,0.03158,0
"Mitch Keller",2025,0.17204,0,0.31164,0,0.18587,0.29193,0.03802,0.0005,0
"Mitch Spence",2024,0.0808,0.46222,0,0,0.19679,0.17429,0,0.0859,0
"Mitch Spence",2025,0.08559,0.48294,0,0,0.19471,0.15197,0,0.08479,0
"Mitch White",2024,0,0,0.46111,0,0.05854,0.16629,0.14437,0.16968,0
"Mitchell Parker",2024,0,0,0.69045,0,0,0.30955,0,0,0
"Mitchell Parker",2025,0,0,0.65372,0,0,0.34628,0,0,0
"Nate Pearson",2024,0,0,0.44698,0,0.21564,0.33738,0,0,0
"Nate Pearson",2025,0,0,0.30975,0,0.30446,0.28536,0,0.10043,0
"Nathan Eovaldi",2024,0,0.00176,0.66911,0,0,0.32913,0,0,0
"Nathan Eovaldi",2025,0,0.00149,0.61257,0,0,0.38594,0,0,0
"Nestor Cortes",2024,0.18863,0.01515,0.29296,0,0.25587,0.24564,0.00175,0,0
"Nestor Cortes",2025,0.21636,0.00157,0.28433,0,0.21658,0,0.28115,0,0
"Nick Anderson",2024,0.20455,0,0.33672,0,0.4581,0,0,0.00063,0
"Nick Avila",2024,0,0.04194,0.10957,0,0.18194,0.27216,0,0.39439,0
"Nick Burdi",2024,0,0,0.31102,0,0.25253,0.43645,0,0,0
"Nick Hernandez",2024,0,0,0.56343,0,0,0.43657,0,0,0
"Nick Lodolo",2024,0.2791,0,0.31399,0,0.40645,0,0,0.00046,0
"Nick Lodolo",2025,0.28345,0,0.31485,0,0.40128,0,0,0.00042,0
"Nick Martinez",2024,0.24256,0.00548,0.39154,0,0.19032,0.16978,0,0.00032,0
"Nick Martinez",2025,0.24886,0.00765,0.34388,0,0.19373,0.20499,0,0.00089,0
"Nick Mears",2024,0,0,0.52602,0,0,0.47383,0,0.00015,0
"Nick Mears",2025,0,0,0.50982,0,0,0.48975,0,0.00043,0
"Nick Nastrini",2024,0.20585,0,0.45049,0,0,0.34366,0,0,0
"Nick Pivetta",2024,0,0.04871,0.39741,0,0.08415,0.04326,0.00605,0.42041,0
"Nick Pivetta",2025,0,0.0509,0.39856,0,0.09692,0.0492,0.00729,0.39714,0
"Nick Ramirez",2024,0.27633,0,0.3164,0,0.24603,0,0.16124,0,0
"Nick Robertson",2024,0.22889,0.06567,0.49063,0,0,0.21481,0,0,0
"Nick Sandlin",2024,0,0,0.43962,0,0.22044,0.33994,0,0,0
"Nick Sandlin",2025,0,0,0.44702,0,0.25087,0.30211,0,0,0
"Nick Vespi",2024,0,0.70101,0,0,0,0.26538,0,0.03361,0
"Noah Cameron",2025,0.08203,0.3078,0.47222,0,0,0.13795,0,0,0
"Noah Davis",2024,0.15161,0.01087,0.25368,0,0.23704,0,0.2671,0.0797,0
"Noah Murdock",2025,0.2029,0.01513,0.33092,0,0.31113,0,0.13992,0,0
"Orion Kerkering",2024,0,0,0.00675,0,0.48238,0,0.51087,0,0
"Orion Kerkering",2025,0,0,0.01006,0,0.423,0,0.56694,0,0
"Orlando Ribalta",2025,0.11838,0,0.31174,0,0.30983,0.26006,0,0,0
"Osvaldo Bido",2024,0.19716,0.03375,0.35582,0,0.2057,0.20756,0,0,0
"Osvaldo Bido",2025,0.19423,0.04126,0.34813,0,0.20569,0.21069,0,0,0
"Pablo López",2024,0.1523,0,0.23988,0,0.22566,0,0.26331,0.11884,0
"Pablo López",2025,0.13856,0,0.35794,0,0.20069,0,0.2546,0.0482,0
"Paolo Espino",2024,0.18704,0,0.5215,0,0,0,0.22104,0.07042,0
"Parker Mushinski",2024,0,0.35702,0.18558,0,0.14505,0,0.17284,0.13951,0
"Patrick Corbin",2024,0.15197,0.1349,0.23531,0,0.12777,0.23925,0,0.1108,0
"Patrick Corbin",2025,0.17569,0.05698,0.24137,0,0.19608,0.26273,0,0.06715,0
"Patrick Sandoval",2024,0.18096,0,0.32234,0,0.21152,0.24875,0.03631,0.00013,0
"Paul Blackburn",2024,0.13397,0.11571,0.25559,0,0.14844,0.23034,0,0.11595,0
"Paul Sewald",2024,0.17083,0,0.61275,0,0,0,0.21642,0,0
"Paul Sewald",2025,0,0,0.88261,0,0,0,0.11739,0,0
"Paul Skenes",2024,0.02549,0,0.83215,0,0,0.14215,0.0002,0,0
"Paul Skenes",2025,0.02783,0,0.57483,0.00001,0.18907,0.15973,0.04851,0.00003,0
"Paxton Schultz",2025,0.12546,0.17978,0.49184,0,0,0.20292,0,0,0
"Pedro Avila",2024,0.17571,0,0.33765,0,0.19644,0.23002,0.06003,0.00014,0
"Penn Murfee",2025,0.1679,0,0.33359,0,0.24152,0,0.25699,0,0
"Pete Fairbanks",2024,0.16368,0,0.4007,0,0,0.43562,0,0,0
"Pete Fairbanks",2025,0.16857,0,0.40558,0,0,0.42585,0,0,0
"Peter Lambert",2024,0.18867,0.03876,0.36787,0,0.18208,0.19815,0,0.02446,0
"Peter Strzelecki",2024,0.19021,0.00212,0.29384,0,0.23522,0,0.27861,0,0
"Phil Bickford",2024,0,0,0.58342,0,0,0.41658,0,0,0
"Phil Maton",2024,0,0.40987,0,0,0.1602,0.09698,0.00072,0.33223,0
"Phil Maton",2025,0,0.0183,0,0,0.01548,0,0.29426,0.67196,0
"Pierce Johnson",2024,0,0.19574,0.76556,0,0,0,0,0.0387,0
"Pierce Johnson",2025,0,0.21611,0.7316,0,0,0,0,0.0523,0
"Porter Hodge",2024,0,0,0.87398,0,0,0,0.12602,0,0
"Porter Hodge",2025,0,0,0.89,0,0,0,0.11,0,0
"Prelander Berroa",2024,0,0,0.24792,0,0.30254,0.44954,0,0,0
"Quinn Priester",2024,0.13972,0.05008,0.29349,0,0.20011,0.23305,0,0.08356,0
"Quinn Priester",2025,0.09466,0.30509,0,0,0.26183,0.19728,0,0.14114,0
"Rafael Montero",2024,0.13128,0,0.35107,0,0.27199,0.24567,0,0,0
"Rafael Montero",2025,0,0,0.42386,0,0.25707,0.31908,0,0,0
"Raisel Iglesias",2024,0.09827,0,0.27986,0,0.32997,0.2919,0,0,0
"Raisel Iglesias",2025,0.10547,0,0.27839,0,0.31854,0.2976,0,0,0
"Randy Dobnak",2024,0.15225,0,0.20589,0,0.34055,0.30131,0,0,0
"Randy Rodríguez",2024,0.11707,0,0.34777,0,0.28969,0.24547,0,0,0
"Randy Rodríguez",2025,0,0,0.61343,0,0,0.38657,0,0,0
"Randy Vásquez",2024,0.23388,0.02848,0.34137,0,0.2047,0.14157,0.0016,0.04841,0
"Randy Vásquez",2025,0.15313,0.00936,0.32319,0,0.2081,0,0.16727,0.13895,0
"Ranger Suárez",2024,0.22078,0.00657,0.38976,0,0.19657,0.18012,0,0.00619,0
"Ranger Suárez",2025,0.14885,0.07329,0.28607,0,0.17836,0.23502,0,0.0784,0
"Ray Kerr",2024,0,0.15418,0.84581,0,0,0,0,0.00001,0
"Reed Garrett",2024,0,0.35649,0.01972,0.00005,0.36652,0,0.25722,0,0
"Reed Garrett",2025,0,0.34341,0.03348,0.00003,0.37078,0,0.2523,0,0
"Reese Olson",2024,0.19139,0,0.26269,0,0.26858,0.27735,0,0,0
"Reese Olson",2025,0.16953,0,0.33654,0,0.28382,0.2101,0,0,0
"Reid Detmers",2024,0.13337,0,0.35458,0,0.2482,0.26386,0,0,0
"Reid Detmers",2025,0.13197,0,0.38331,0,0.23958,0.24514,0,0,0
"Reynaldo López",2024,0.19759,0,0.42877,0,0,0.37363,0,0,0
"Rhett Lowder",2024,0.14779,0,0.27908,0,0.30807,0.26507,0,0,0
"Ricardo Pinto",2024,0,0,0.13463,0.00002,0.46038,0.29382,0.11115,0,0
"Richard Fitts",2024,0,0,0.52542,0,0,0.46402,0.01056,0,0
"Richard Fitts",2025,0.17756,0,0.31337,0,0.18791,0.27751,0.0434,0.00024,0
"Richard Lovelady",2024,0,0,0.12958,0,0.39527,0.39451,0.08063,0,0
"Riley O'Brien",2024,0,0,0.24817,0,0.18778,0.32018,0,0.24387,0
"Riley Pint",2024,0,0,0.26044,0,0.28128,0.45829,0,0,0
"River Ryan",2024,0.13707,0.03661,0.32607,0,0.1997,0.24233,0,0.05822,0
"Roansy Contreras",2024,0.16997,0,0.30665,0,0.18066,0.3034,0.03839,0.00093,0
"Rob Zastryzny",2024,0.40744,0.02066,0.57114,0,0,0,0.00077,0,0
"Robbie Ray",2024,0,0,0.71242,0,0,0.28755,0,0.00003,0
"Robbie Ray",2025,0.1865,0,0.49017,0,0,0.32333,0,0,0
"Robert Garcia",2024,0.16744,0,0.39795,0,0,0.43461,0,0,0
"Robert Garcia",2025,0.17466,0,0.39435,0,0,0.43099,0,0,0
"Robert Gasser",2024,0.19424,0.00489,0.29847,0,0.2657,0,0.23671,0,0
"Robert Suarez",2024,0.23509,0.00014,0.45176,0,0.31301,0,0,0,0
"Robert Suarez",2025,0.36929,0,0.41098,0,0.21973,0,0,0,0
"Roddery Muñoz",2024,0.16235,0.02772,0.28898,0,0.25942,0.26153,0,0,0
"Roki Sasaki",2025,0,0,0.6424,0,0,0.3576,0,0,0
"Ron Marinaccio",2024,0.33496,0,0.4602,0,0,0,0.20483,0,0
"Ronel Blanco",2024,0.32537,0,0.38138,0,0,0.29325,0,0,0
"Ronel Blanco",2025,0.27439,0,0.40875,0,0,0.31685,0,0,0
"Ronny Henriquez",2024,0.13711,0,0.3912,0,0.2621,0.20959,0,0,0
"Ronny Henriquez",2025,0.09188,0,0.2832,0,0.20105,0.2721,0.15177,0,0
"Ross Stripling",2024,0.21457,0.04407,0.31938,0,0.19385,0.21765,0,0.01047,0
"Ryan Borucki",2024,0.09445,0,0,0,0.39278,0.35552,0.15725,0,0
"Ryan Borucki",2025,0,0,0,0,0.97703,0.0223,0.00067,0,0
"Ryan Brasier",2024,0,0.12675,0.29761,0,0.22178,0.35385,0,0,0
"Ryan Burr",2024,0,0,0.56931,0,0,0.43069,0,0,0
"Ryan Feltner",2024,0.17171,0,0.26872,0,0.14824,0.37274,0.03806,0.00053,0
"Ryan Feltner",2025,0.17005,0,0.26575,0,0.17531,0.35314,0.03514,0.00061,0
"Ryan Fernandez",2024,0,0.15546,0.28267,0,0.25802,0.30385,0,0,0
"Ryan Fernandez",2025,0.15443,0.32089,0.18468,0,0,0.33999,0,0,0
"Ryan Gusto",2025,0.17004,0.00478,0.43157,0,0.13508,0,0.14263,0.11589,0
"Ryan Helsley",2024,0,0,0.38802,0,0,0.61159,0,0.00039,0
"Ryan Helsley",2025,0,0.14211,0.35824,0,0,0.42594,0,0.07372,0
"Ryan Johnson",2025,0,0.36583,0.02203,0.00111,0.27196,0,0.33906,0,0
"Ryan Miller",2024,0,0,0,0,0,0.82501,0.17499,0,0
"Ryan Pepiot",2024,0.07248,0.10845,0.57705,0,0,0.24202,0,0,0
"Ryan Pepiot",2025,0.08406,0.09253,0.56765,0,0,0.25577,0,0,0
"Ryan Pressly",2024,0.1901,0,0.2975,0,0.24248,0.26992,0,0,0
"Ryan Pressly",2025,0.17804,0,0.3005,0,0.21871,0.30275,0,0.00001,0
"Ryan Rolison",2025,0.21703,0,0.41171,0,0,0.37126,0,0,0
"Ryan Thompson",2024,0,0,0.26104,0,0.22814,0.51082,0,0,0
"Ryan Thompson",2025,0,0,0.47768,0,0.20229,0.32004,0,0,0
"Ryan Walker",2024,0,0,0.23905,0,0.28407,0.47689,0,0,0
"Ryan Walker",2025,0,0,0,0,0.67652,0.32348,0,0,0
"Ryan Weathers",2024,0.13157,0,0.34638,0,0.20989,0.1878,0.12437,0,0
"Ryan Weathers",2025,0.12123,0,0.36014,0,0.21586,0.18542,0.11734,0,0
"Ryan Yarbrough",2024,0.15927,0.00524,0.31151,0,0.21226,0,0.24074,0.07098,0
"Ryan Yarbrough",2025,0.17909,0.00214,0.28459,0,0.20825,0,0.32594,0,0
"Ryan Zeferjahn",2024,0,0.14117,0.44655,0,0,0,0.16608,0.2462,0
"Ryan Zeferjahn",2025,0,0.43329,0.31553,0,0,0,0.25119,0,0
"Ryder Ryan",2024,0.099,0,0.29274,0,0.38072,0.22755,0,0,0
"Ryne Nelson",2024,0.20055,0.01583,0.61874,0,0,0.16439,0.00001,0.00048,0
"Ryne Nelson",2025,0.06014,0.15188,0.40551,0,0,0.38246,0,0.00001,0
"Ryne Stanek",2024,0,0,0.68658,0,0.20004,0.11337,0,0,0
"Ryne Stanek",2025,0,0,0.22003,0,0.3913,0.24853,0.14015,0,0
"Sam Aldegheri",2024,0.20211,0,0.42798,0,0,0.36991,0,0,0
"Sam Hentges",2024,0,0,0.28124,0,0.30287,0.3028,0,0.11309,0
"Sam Long",2024,0,0,0.403,0.00001,0.2295,0.36746,0,0.00003,0
"Sam Long",2025,0,0,0.41188,0,0.22067,0.36742,0,0.00002,0
"Sam Moll",2024,0.17583,0,0.31987,0,0.27275,0,0.23154,0,0
"Sammy Peralta",2024,0.16263,0,0.57107,0,0,0.2619,0.0044,0,0
"Sandy Alcantara",2025,0.17077,0,0.30658,0,0.22381,0.29884,0,0,0
"Scott Alexander",2024,0.18683,0,0,0,0.48538,0.32779,0,0,0
"Scott Alexander",2025,0.1601,0,0,0,0.49458,0.34532,0,0,0
"Scott Barlow",2024,0,0,0.50904,0,0.04915,0.16021,0.13763,0.14396,0
"Scott Barlow",2025,0,0,0.50649,0,0.0493,0.1744,0.13005,0.13975,0
"Scott Blewett",2024,0,0,0.65949,0,0,0.34051,0,0,0
"Scott Blewett",2025,0,0,0.6328,0,0,0.3672,0,0,0
"Scott McGough",2024,0,0,0.5399,0,0.23865,0.22145,0,0,0
"Sean Burke",2024,0.17559,0,0.40957,0,0.24593,0.16891,0,0,0
"Sean Burke",2025,0.15993,0,0.40293,0,0.23258,0.20455,0,0,0
"Sean Guenther",2024,0,0,0.43113,0,0.25304,0.31582,0,0,0
"Sean Guenther",2025,0,0,0.40917,0,0.28409,0.30674,0,0,0
"Sean Hjelle",2024,0,0.18101,0.36683,0,0.3517,0,0,0.10046,0
"Sean Manaea",2024,0.19525,0.02251,0.30913,0,0.25233,0.21818,0.00259,0,0
"Sean Newcomb",2024,0.32195,0,0.2986,0,0.37911,0,0,0.00034,0
"Sean Newcomb",2025,0.18772,0.00175,0.45101,0,0.35844,0,0,0.00108,0
"Sean Reid-Foley",2024,0.22267,0,0.42728,0,0,0.35005,0,0,0
"Sean Reynolds",2024,0.12189,0,0.59562,0,0,0.26961,0.01288,0,0
"Sean Reynolds",2025,0.25495,0,0.52876,0,0,0.21484,0.00145,0,0
"Seranthony Domínguez",2024,0.09661,0,0.30613,0,0.15964,0.20428,0.23334,0,0
"Seranthony Domínguez",2025,0,0,0.75824,0.0002,0.04655,0.12434,0.06675,0.00391,0
"Seth Halvorsen",2024,0,0,0.66767,0,0,0.33233,0,0,0
"Seth Halvorsen",2025,0,0,0.71861,0,0,0.28139,0,0,0
"Seth Lugo",2024,0.0746,0.00444,0.24681,0.00001,0.46204,0.20919,0.00246,0.00044,0
"Seth Lugo",2025,0.074,0.00454,0.25744,0.00001,0.47597,0.18601,0.00163,0.0004,0
"Seth Martinez",2024,0.16723,0,0.30763,0,0.30315,0,0.22199,0,0
"Shane Baz",2024,0.15431,0,0.45491,0,0,0.39078,0,0,0
"Shane Baz",2025,0.1437,0,0.46568,0,0,0.39062,0,0,0
"Shane Bieber",2024,0.08861,0.20455,0.41906,0,0,0.28777,0,0.00002,0
"Shane Smith",2025,0.18352,0,0.32854,0,0.18955,0.25094,0.04735,0.0001,0
"Shaun Anderson",2024,0.12405,0,0.31801,0,0.2034,0.2021,0.15244,0,0
"Shaun Anderson",2025,0.12386,0,0.31649,0,0.2362,0.2069,0.11655,0,0
"Shawn Armstrong",2024,0,0.33374,0.19389,0,0.12571,0,0.17594,0.17072,0
"Shawn Armstrong",2025,0,0.412,0.16163,0,0.137,0,0.14024,0.14913,0
"Shawn Dubin",2024,0.20625,0.00426,0.45939,0,0.14317,0,0.15142,0.03551,0
"Shawn Dubin",2025,0.09258,0,0.43142,0,0.24517,0,0.16523,0.0656,0
"Shelby Miller",2024,0,0.0093,0.64486,0,0,0.34585,0,0,0
"Shelby Miller",2025,0,0,0.41618,0,0,0.57941,0.00441,0,0
"Shota Imanaga",2024,0.04228,0.00059,0.29174,0,0.53913,0.12558,0.00067,0.00001,0
"Shota Imanaga",2025,0.03869,0,0.58644,0,0.12818,0.1441,0.10256,0.00003,0
"Simeon Woods Richardson",2024,0.32663,0,0.36792,0,0,0.30545,0,0,0
"Simeon Woods Richardson",2025,0.20592,0,0.69273,0,0,0.10136,0,0,0
"Sixto Sánchez",2024,0.41886,0.00152,0.33881,0,0.24081,0,0,0,0
"Slade Cecconi",2024,0.23209,0.04228,0.65475,0,0,0.07063,0,0.00025,0
"Slade Cecconi",2025,0.12338,0.16959,0.24386,0,0.12442,0.24596,0,0.0928,0
"Sonny Gray",2024,0.10367,0.01031,0.40354,0,0.15736,0,0.11527,0.20985,0
"Sonny Gray",2025,0.20942,0.03871,0.35647,0,0.23542,0.1144,0.00193,0.04365,0
"Spencer Arrighetti",2024,0.21762,0.02922,0.3354,0,0.23178,0.15421,0.00214,0.02963,0
"Spencer Arrighetti",2025,0.11933,0.00477,0.288,0,0.22639,0,0.31437,0.04715,0
"Spencer Bivens",2024,0.26799,0.03714,0.35533,0,0.20699,0.13107,0.00147,0,0
"Spencer Bivens",2025,0.23578,0.04516,0.30035,0,0.20318,0.14724,0.00205,0.06623,0
"Spencer Howard",2024,0.27458,0,0.3924,0,0,0.33302,0,0,0
"Spencer Schwellenbach",2024,0,0.04244,0.32075,0,0.31147,0.32533,0,0.00001,0
"Spencer Schwellenbach",2025,0,0.04738,0.63248,0,0.16903,0.15111,0,0,0
"Spencer Strider",2024,0.19255,0,0.43664,0,0,0.37082,0,0,0
"Spencer Strider",2025,0.23983,0,0.42257,0,0,0.3376,0,0,0
"Spencer Turnbull",2024,0.12085,0,0.4512,0,0.21362,0.18516,0.02845,0.00072,0
"Stephen Kolek",2024,0.19398,0.01522,0.30405,0,0.25334,0.23175,0.00165,0,0
"Stephen Kolek",2025,0.18974,0.01755,0.26756,0,0.27195,0.24915,0.00405,0,0
"Steven Cruz",2025,0,0.15974,0.42803,0,0,0.41224,0,0,0
"Steven Matz",2024,0.15468,0,0,0,0.63078,0.21453,0,0.00001,0
"Steven Matz",2025,0.13851,0,0,0,0.66554,0.19595,0,0.00001,0
"Steven Okert",2024,0.08678,0,0.2631,0,0.36379,0.28633,0,0,0
"Steven Okert",2025,0.14141,0.08551,0.67435,0,0,0.09872,0,0,0
"Steven Wilson",2024,0.42557,0.05513,0.51909,0,0,0,0.00021,0,0
"Steven Wilson",2025,0.29929,0,0.50586,0,0,0,0.19486,0,0
"T.J. McFarland",2024,0.07518,0.32254,0,0,0.3295,0,0.27279,0,0
"T.J. McFarland",2025,0.19282,0,0.1725,0,0.32099,0,0.31368,0,0
"Taijuan Walker",2024,0,0.33923,0.10086,0.00011,0.33657,0,0.18769,0.03553,0
"Taijuan Walker",2025,0,0.032,0.16438,0,0.36402,0.43914,0,0.00046,0
"Taj Bradley",2024,0,0.04678,0.95322,0,0,0,0,0,0
"Taj Bradley",2025,0,0.08989,0.91011,0,0,0,0,0,0
"Tanner Banks",2024,0.11299,0,0.32322,0,0.20633,0.21031,0.14715,0,0
"Tanner Banks",2025,0.11496,0,0.35431,0,0.24106,0.19652,0.09316,0,0
"Tanner Bibee",2024,0.14963,0.00337,0.42041,0,0.1913,0,0.1576,0.07768,0
"Tanner Bibee",2025,0.18357,0.00405,0.44541,0,0.18138,0,0.13172,0.05387,0
"Tanner Gordon",2024,0.19299,0,0.39648,0,0,0.41053,0,0,0
"Tanner Gordon",2025,0.23298,0,0.40725,0,0,0.35977,0,0,0
"Tanner Houck",2024,0,0.24141,0.01742,0.0006,0.35165,0,0.38892,0,0
"Tanner Houck",2025,0,0,0.03829,0,0.65551,0,0.3062,0,0
"Tanner Rainey",2024,0.17141,0,0.43388,0,0,0.39471,0,0,0
"Tanner Rainey",2025,0,0,0.59084,0,0,0.40916,0,0,0
"Tanner Scott",2024,0.41474,0,0.11173,0,0,0.47352,0,0,0
"Tanner Scott",2025,0,0,0.60644,0,0,0.39356,0,0,0
"Tarik Skubal",2024,0.20274,0,0.34863,0,0.26594,0.18269,0,0,0
"Tarik Skubal",2025,0.18051,0,0.38091,0,0.22897,0.2096,0,0,0
"Tayler Saucedo",2024,0.17819,0,0.22248,0,0.15682,0.41448,0.02501,0.00302,0
"Tayler Scott",2024,0,0,0.46242,0,0.20146,0.33612,0,0,0
"Tayler Scott",2025,0,0,0.49326,0,0.20943,0.29731,0,0,0
"Taylor Clarke",2025,0.15221,0,0.25587,0,0.31139,0.28052,0,0,0
"Taylor Rogers",2024,0,0,0,0,0.3579,0,0.6421,0,0
"Taylor Rogers",2025,0,0,0.0169,0,0.39975,0,0.58336,0,0
"Thomas Harrington",2025,0,0.31264,0.46244,0.00338,0,0,0.22154,0,0
"Thyago Vieira",2024,0.13171,0,0.33162,0,0.29797,0.2387,0,0,0
"Tim Herrin",2024,0,0,0.23954,0,0.22273,0.29612,0,0.2416,0
"Tim Herrin",2025,0,0,0.2371,0,0.22711,0.28724,0,0.24856,0
"Tim Hill",2024,0,0,0.25385,0,0.20152,0.54463,0,0,0
"Tim Hill",2025,0,0,0.26728,0,0.20365,0.52907,0,0,0
"Tim Mayza",2024,0,0,0.29542,0,0.25559,0.44898,0,0,0
"Tim Mayza",2025,0,0,0.28588,0,0.23587,0.47825,0,0,0
"Tobias Myers",2024,0.29842,0.00379,0.4282,0,0,0.26925,0,0.00034,0
"Tobias Myers",2025,0.13622,0.04756,0.61271,0,0,0.2035,0,0,0
"Tom Cosgrove",2024,0,0,0.03041,0,0.30679,0,0.6628,0,0
"Tommy Henry",2024,0.14481,0,0.31916,0,0.30093,0.23509,0,0,0
"Tommy Kahnle",2024,0.14508,0,0.30293,0,0.3027,0.24928,0,0,0
"Tommy Kahnle",2025,0.12311,0,0.2957,0,0.32431,0.25688,0,0,0
"Tommy Nance",2024,0,0,0.28371,0,0.29134,0.25653,0,0.16842,0
"Tomoyuki Sugano",2025,0,0.31418,0.13083,0.00006,0.30128,0,0.21531,0.03834,0
"Tony Gonsolin",2025,0,0,0.62151,0,0,0.37849,0,0,0
"Tony Santillan",2024,0.17422,0,0.40793,0,0,0.41786,0,0,0
"Tony Santillan",2025,0,0,0.58011,0,0,0.41989,0,0,0
"Touki Toussaint",2024,0,0,0.36908,0,0.17924,0.45158,0,0.0001,0
"Trent Thornton",2024,0.25746,0.03061,0.3569,0,0.1876,0.13823,0.00131,0.02788,0
"Trent Thornton",2025,0.24377,0.0409,0.37571,0,0.17107,0.11371,0.0011,0.05374,0
"Trevor Megill",2024,0,0,0.47143,0,0,0,0,0.52857,0
"Trevor Megill",2025,0,0,0.62367,0,0,0,0,0.37633,0
"Trevor Richards",2024,0.73286,0,0.26714,0,0,0,0,0,0
"Trevor Rogers",2024,0.15535,0,0.31829,0,0.29286,0.23351,0,0,0
"Trevor Williams",2024,0.12232,0,0.32113,0,0.20053,0.19273,0.16329,0,0
"Trevor Williams",2025,0.126,0,0.33378,0,0.19689,0.18589,0.15745,0,0
"Trey Wingenter",2024,0,0,0.69871,0,0,0.30129,0,0,0
"Tristan Beck",2024,0,0,0.49819,0,0,0.2278,0.24673,0.02728,0
"Triston McKenzie",2024,0,0,0.50106,0,0,0.49797,0,0.00097,0
"Triston McKenzie",2025,0,0,0.64557,0,0,0.35429,0,0.00013,0
"Troy Taylor",2024,0.36264,0,0.41191,0,0,0,0.22545,0,0
"Troy Taylor",2025,0.21068,0,0.57755,0,0,0,0.21177,0,0
"Ty Blach",2024,0.15258,0.09929,0.21597,0,0.13416,0.23907,0,0.15893,0
"Ty Madden",2024,0,0.03798,0.3082,0,0.33947,0.3143,0,0.00005,0
"Tyler Alexander",2024,0.22615,0.034,0.35262,0,0.21412,0.17186,0.00126,0,0
"Tyler Alexander",2025,0.18929,0.00664,0.25371,0,0.23203,0,0.31833,0,0
"Tyler Anderson",2024,0.19469,0.06317,0.28592,0,0.17445,0.2535,0,0.02827,0
"Tyler Anderson",2025,0.18245,0.04927,0.36695,0,0.19852,0.18882,0,0.01398,0
"Tyler Beede",2024,0,0,0.25678,0,0.7272,0,0,0.01602,0
"Tyler Duffey",2024,0.15331,0,0.32995,0,0.25347,0.26327,0,0,0
"Tyler Ferguson",2024,0.19122,0.00319,0.28072,0,0.26674,0,0.25814,0,0
"Tyler Ferguson",2025,0.18708,0.00155,0.33145,0,0.23418,0,0.24574,0,0
"Tyler Gilbert",2024,0,0.25131,0.12308,0.00005,0.41773,0,0.17249,0.03534,0
"Tyler Gilbert",2025,0,0.25271,0.11715,0.00004,0.42793,0,0.17072,0.03145,0
"Tyler Glasnow",2024,0,0,0.29596,0,0.26281,0.33873,0,0.1025,0
"Tyler Glasnow",2025,0,0,0.30766,0,0.27117,0.33077,0,0.0904,0
"Tyler Holton",2024,0.13769,0.00385,0.34429,0,0.22119,0,0.22023,0.07274,0
"Tyler Holton",2025,0.12101,0.00564,0.32083,0,0.23543,0,0.22846,0.08864,0
"Tyler Jay",2024,0,0.18722,0.23638,0,0.22708,0,0.34933,0,0
"Tyler Kinley",2024,0.11355,0,0.23898,0,0.3826,0.26486,0,0,0
"Tyler Kinley",2025,0.19204,0,0.44443,0,0,0.36353,0,0,0
"Tyler Mahle",2024,0,0.01219,0.81516,0,0,0.17264,0,0,0
"Tyler Mahle",2025,0,0.00575,0.68645,0,0,0.3078,0,0,0
"Tyler Matzek",2024,0,0.14133,0.37353,0,0.28859,0.19655,0,0,0
"Tyler Matzek",2025,0,0,0.30131,0,0.23019,0.46849,0,0,0
"Tyler Phillips",2024,0,0,0.39612,0,0.08276,0,0.2626,0.25852,0
"Tyler Phillips",2025,0.01638,0,0.31991,0.00003,0.07699,0,0.50858,0.07812,0
"Tyler Rogers",2024,0,0,0.27711,0,0.27611,0.44679,0,0,0
"Tyler Rogers",2025,0,0,0,0,0.6962,0.3038,0,0,0
"Tyler Wells",2024,0.07896,0.24499,0.48151,0,0,0.19453,0,0.00001,0
"Tylor Megill",2024,0.02325,0.00034,0.45845,0,0.42712,0.08931,0.00154,0,0
"Tylor Megill",2025,0.15285,0,0.4161,0,0.22173,0.20932,0,0,0
"Tyson Miller",2024,0.15038,0,0.33041,0,0.21675,0,0.15371,0.14875,0
"Valente Bellozo",2024,0.12631,0.00225,0.8713,0.00003,0,0,0.00011,0,0
"Valente Bellozo",2025,0.10238,0.00085,0.89668,0.00001,0,0,0.00008,0,0
"Victor González",2024,0.11406,0,0,0,0.50057,0.38537,0,0,0
"Victor Mederos",2024,0.12848,0,0.43262,0,0.2217,0.21714,0,0.00006,0
"Victor Vodnik",2024,0.17982,0,0.36412,0,0,0.45607,0,0,0
"Victor Vodnik",2025,0.18402,0,0.36729,0,0,0.4487,0,0,0
"Vinny Nittoli",2024,0.1677,0.18744,0,0,0.03456,0,0.00621,0.60409,0
"Wade Miley",2024,0.16812,0.03071,0.28153,0,0.22175,0.27461,0,0.02328,0
"Walker Buehler",2024,0.24634,0.03582,0.31111,0,0.19049,0.13968,0.00156,0.075,0
"Walker Buehler",2025,0.23373,0.03881,0.32581,0,0.1968,0.14226,0.00185,0.06074,0
"Walter Pennington",2024,0,0.2452,0.31918,0,0.23682,0.1988,0,0,0
"Wandy Peralta",2024,0.18427,0,0.22436,0,0.32152,0.26985,0,0,0
"Wandy Peralta",2025,0.16109,0,0.23143,0,0.32286,0.28461,0,0,0
"Wes Parsons",2024,0.17035,0,0.32589,0,0.19184,0.31192,0,0,0
"Will Klein",2024,0,0,0.48345,0,0,0.51591,0,0.00065,0
"Will Smith",2024,0.16849,0,0.41205,0,0,0.41945,0,0,0
"Will Vest",2024,0.16076,0,0.29951,0,0.29642,0.2433,0,0,0
"Will Vest",2025,0.13748,0,0.30697,0,0.29772,0.25782,0,0,0
"Will Warren",2024,0.24242,0.01303,0.26276,0,0.26115,0,0.22063,0,0
"Will Warren",2025,0.15339,0,0.25187,0,0.27844,0,0.19971,0.1166,0
"Xzavion Curry",2024,0.03284,0,0.76103,0,0,0.20532,0.0008,0,0
"Yariel Rodríguez",2024,0,0,0.47719,0,0.23042,0.29236,0,0.00002,0
"Yariel Rodríguez",2025,0,0,0.44119,0,0.27259,0.28622,0,0,0
"Yency Almonte",2024,0.19663,0.01572,0.28878,0,0.32025,0,0.17862,0,0
"Yennier Cano",2024,0.08999,0,0.28421,0,0.4148,0.211,0,0,0
"Yennier Cano",2025,0.1734,0.01621,0.24366,0,0.25262,0.31411,0,0,0
"Yerry De los Santos",2025,0.14632,0,0.21596,0,0.33117,0.30655,0,0,0
"Yerry Rodríguez",2024,0.17933,0,0.3507,0,0,0.46998,0,0,0
"Yilber Díaz",2024,0,0,0.37962,0,0,0.61668,0,0.0037,0
"Yimi García",2024,0.13134,0,0.4051,0,0.13351,0.2943,0.0349,0.00084,0
"Yimi García",2025,0.13711,0,0.4384,0,0.1285,0.25662,0.03891,0.00045,0
"Yoendrys Gómez",2024,0.18588,0,0.32089,0,0,0.47673,0.01449,0.00202,0
"Yoendrys Gómez",2025,0.20127,0.02637,0.30266,0,0.26518,0.16647,0.00383,0.03422,0
"Yohan Ramírez",2024,0,0,0.33013,0,0.09108,0,0.54622,0.03257,0
"Yonny Chirinos",2024,0,0,0.43553,0,0.34445,0.22002,0,0,0
"Yoshinobu Yamamoto",2024,0,0.03522,0.33559,0.00252,0.31473,0.25091,0.02233,0.03869,0
"Yoshinobu Yamamoto",2025,0,0.03828,0.28996,0.00142,0.26217,0.34731,0.01834,0.04252,0
"Yosver Zulueta",2024,0.09677,0,0.23627,0,0.17511,0.24535,0.2465,0,0
"Yu Darvish",2024,0,0.0238,0.56108,0.00057,0.1019,0.23612,0.03193,0.04458,0
"Yuki Matsui",2024,0,0,0.65378,0.00034,0.05523,0.19825,0.08326,0.00912,0
"Yuki Matsui",2025,0,0,0.59789,0,0,0.32311,0.07884,0.00016,0
"Yunior Marte",2024,0,0.1783,0.29711,0,0.25107,0.27352,0,0,0
"Yusei Kikuchi",2024,0.215,0,0.44251,0,0,0.34249,0,0,0
"Yusei Kikuchi",2025,0.17765,0,0.33284,0,0.17111,0.25553,0.06275,0.00012,0
"Zac Gallen",2024,0.15118,0.02569,0.30114,0,0.2264,0.22639,0,0.06919,0
"Zac Gallen",2025,0.0785,0.2039,0.44957,0,0,0.26802,0,0.00002,0
"Zach Agnos",2025,0,0.0053,0.45175,0,0,0.54291,0.00004,0,0
"Zach Brzykcy",2024,0.22641,0,0.77359,0,0,0,0,0,0
"Zach Brzykcy",2025,0.1959,0,0.8041,0,0,0,0,0,0
"Zach Eflin",2024,0.24205,0.04598,0.30086,0,0.19326,0.14881,0.00184,0.06719,0
"Zach Eflin",2025,0.15483,0.00838,0.32352,0,0.22534,0,0.16655,0.12138,0
"Zach Plesac",2024,0.17639,0,0.3935,0,0,0.43011,0,0,0
"Zach Pop",2024,0,0.54973,0,0,0.22233,0.22793,0,0,0
"Zack Kelly",2024,0.48437,0.00464,0.51069,0,0,0,0.0003,0,0
"Zack Kelly",2025,0.19507,0.00108,0.26606,0,0.25291,0,0.28488,0,0
"Zack Littell",2024,0,0,0.18126,0,0.39692,0.29901,0.1228,0,0
"Zack Littell",2025,0,0,0.14921,0.00001,0.42453,0.31717,0.10909,0,0
"Zack Thompson",2024,0,0,0.88458,0,0,0.09507,0,0.00024,0.02011
"Zack Wheeler",2024,0,0.2995,0.09579,0,0.43,0,0.15085,0.02386,0
"Zack Wheeler",2025,0,0.29068,0.10989,0,0.41726,0,0.15096,0.03121,0
"Zak Kent",2025,0,0,0.24763,0,0.32147,0.41899,0,0.01192,0
"Zebby Matthews",2024,0.07085,0.2079,0.40997,0,0,0.31127,0,0.00001,0
"Zebby Matthews",2025,0.05277,0.23337,0.32442,0,0,0.38943,0,0.00001,0
